评论者主页,评论者昵称,评论者性别,评论者所在地,评论者微博数,评论者关注数,评论者粉丝数,评论内容,评论获赞数,评论发布时间
https://weibo.cn//dfjb,东方今报,女,河南,76756,1106,7477571,【最新进展｜,227,2020-08-25 09:21
https://weibo.cn//dfjb,东方今报,女,河南,76756,1106,7477571,【最新消息｜踹伤猥亵男男生被解除刑拘，父亲：26日凌晨到家今天吃团圆饭】,17,2020-08-26 10:47 
https://weibo.cn//u/5655899995,这个牛-很低迷,男,山西,323,389,120,这样说意思小偷偷了我东西我还不能追了？他摔倒了我还要赔？,22541,2020-08-24 22:42
https://weibo.cn//u/5834847977,瞎抹杵眼,男,其他,216,190,2302,回复@让我今天幼稚完好吗丶:麻烦你再看一下人家罗老师怎么讲的，别再这鬼扯,0,2020-08-26 23:02
https://weibo.cn//u/6005391273,shitizen的胜利,男,其他,63,35,20,回复@一两五仁月饼:？还不是这个意思？他不也说过当，但轻伤不承担责任，我东法学院确实不强，但没到不懂法的地步,0,2020-08-26 22:46
https://weibo.cn//u/2023400483,君君lilac,女,海外,25,77,37,回复@茉莉花味香胰子:好，同意！完全同意！我现在已经被你科普的差不多了。我纠结的点在于那现在干嘛又放了取消刑拘了？既然警察办案没有错，那就该顶着压力等到法院判决！不应该因为大众起哄改来改去吧？,0,2020-08-26 22:12 
https://weibo.cn//u/2266729835,考不进上戏不见爱豆,女,江苏,8093,2331,164,所以应该放任雷某逃跑 然后再让警方大海捞针去找他就好啦 哇 永州警方好伟大哦 不麻烦人民群众呢🙊,0,2020-08-26 22:03 
https://weibo.cn//u/2669244775,茉莉花味香胰子,男,甘肃,74,242,537,回复@君君lilac:见义勇为是结果，你不能先入为主。思路是这样的:男生打人导致他人骨折构成轻伤，受伤的人去报案，警察一查只要这个事实成立就会以涉嫌故意伤害抓你!至于最后到底是不是见义勇为也得由法院说了算，法院判决是见义勇为，被告无罪当庭释放掌声响起来!明白了没，警察是没权利给人定罪的，你让警察怎么办!,0,2020-08-26 22:01 
https://weibo.cn//u/2669244775,茉莉花味香胰子,男,甘肃,74,242,537,回复@君君lilac:我和你私聊，评论好麻烦,0,2020-08-26 21:50 
https://weibo.cn//u/5281425201,一两五仁月饼,男,广东,39,159,140,回复@shitizen的胜利:你确定你同学是学法的？第一这事和正当防卫一毛钱没有，因为不法侵害已结束。第二，至于是否属于扭送，请参考@普法达人张三 的视频。至于是你所谓法学院懂法，还是政法大学教授罗老师懂法，就看你自己判断了。,0,2020-08-26 21:48 
https://weibo.cn//u/2669244775,茉莉花味香胰子,男,甘肃,74,242,537,回复@君君lilac:重新审理就是重头开始，第一先放人，然后查案情，你是不是打伤了猥琐男，是!司法鉴定是不是轻伤，是!够不够成涉嫌故意伤害？构成，再抓回来审!如果不是，那就是分局侦查有问题!到目前为止，是不是涉嫌故意伤害得看下一步查的如何。一旦开庭审理，就说明被涉嫌故意伤人起诉了，至于是不是见义勇为看法院,0,2020-08-26 21:41 
https://weibo.cn//u/2023400483,君君lilac,女,海外,25,77,37,回复@茉莉花味香胰子:我明白你说的，我想表达的就是干嘛不在最初的时候给出一个没有争议的结果？因为老百姓不相信才撤销来自己查，最终的结果多半就是另外一个较轻的结果，何必呢？,0,2020-08-26 21:36 
https://weibo.cn//u/2669244775,茉莉花味香胰子,男,甘肃,74,242,537,回复@君君lilac:说了这么多你还是钻在牛角尖里不出来!这案子还没判，公安局责令分局撤销然后拿过来自己查说白了就是给老百姓说你们不信任分局那我们来查你们请放心，这也很正常啊，不能说明什么，如果公安局查半天事实确凿谁查都一样，该拘还是得拘!还有，刑事案件是可以达成谅解民事赔偿的，这也是合理的。,0,2020-08-26 21:32 
https://weibo.cn//u/6873691905,可可桃的犬,女,其他,1412,96,4,真特么无语了,0,2020-08-26 21:31 
https://weibo.cn//u/1765042000,油条炒西瓜,男,北京,295,835,227,派出所黄警官开除了吗,0,2020-08-26 21:21 
https://weibo.cn//u/2023400483,君君lilac,女,海外,25,77,37,回复@茉莉花味香胰子:还有瞎起哄的法盲大众是绝大多数群体，因为舆论压力改来改去不是好事吧？这不是舆论监督，这更像为了扑灭大家升腾的怒火迎合大众，对于公信力伤损极大，舆论监督更应该指对于执法人员和单位一些违规或者不当行为提出质疑并且责令他们改正，而不应该是因为案子判错或者判的不公让舆论逼着重判！,0,2020-08-26 21:20 
https://weibo.cn//u/6110424824,小鸡咕咕咕咕day,男,其他,222,889,231,气死了😡,0,2020-08-26 21:18 
https://weibo.cn//u/2023400483,君君lilac,女,海外,25,77,37,回复@茉莉花味香胰子:2:不予追究该男生刑事责任，只是民事赔偿，那么最初的刑拘也只是干了又一件削弱公信力的狗屁烂事。现在的情况是结果无论如何都是失望，另外我可没有说舆论引导司法，我只在表达很多时候都是舆论压力之下重新审理，朝令夕改，再说了我们的司法是百姓能随便引导得了的吗？,0,2020-08-26 21:13 
https://weibo.cn//u/2023400483,君君lilac,女,海外,25,77,37,回复@茉莉花味香胰子:即使像你说的在之后伤情鉴定等有了定论后还是会抓人移交检察院，那么至少在当下案件责令被撤销取消刑拘，是否也说明至少在案件初级阶段的确存在问题？公检法代表的是中国司法，无论哪个阶段出现问题都是对公信力的挑战，假设两种结果，1:男生仍然被判刑，那么现在责令撤销案件取消刑拘是在玩过家家吗？,0,2020-08-26 21:13 
https://weibo.cn//u/2023400483,君君lilac,女,海外,25,77,37,回复@茉莉花味香胰子:好，我可以接受所有你说的，我也承认我是一个普通的法盲大众之一，我们百姓要的就【只】是一个结果，不希望看到在案件任何一个过程出现与普通认知偏差太大的结果，伤人是事实，但是真的罪至刑拘吗？为何在被案件被吵起来之后又责令撤销案件，并且取消刑拘？,0,2020-08-26 21:12 
https://weibo.cn//u/2669244775,茉莉花味香胰子,男,甘肃,74,242,537,回复@君君lilac:案件的侦破是需要一个过程的，而民众只需要一个结果。不管是情况，一旦有人起诉这个过成就得走，在这个过程中就出现争议并不算舆论引导司法，充其量就是瞎起哄督促警察办案,0,2020-08-26 20:30 
https://weibo.cn//u/2669244775,茉莉花味香胰子,男,甘肃,74,242,537,回复@茉莉花味香胰子:如果事实清楚，检察院向人民法院提起公诉，法院开庭审理，双方请律师开始辩论你这个行为到底是见义勇为呢还是故意伤害呢。最后认定是见义勇为，猥琐男不服上诉到中院，再审，然后判为故意伤害，你不服起诉，再审。不管结果如何，你有没有发现，公安局只是按流程办事。,0,2020-08-26 20:23 
https://weibo.cn//u/2669244775,茉莉花味香胰子,男,甘肃,74,242,537,回复@君君lilac:你要理解一点，不管是出于什么原因，你伤了人这是事实。受伤的人报案，公安局根据伤情就得立案侦查，侦查后判断这个伤是怎么造成的，证据监控证人等确定你有没有涉嫌故意伤害，有就会移交检察院审理，检察院查证事实清不清楚，证据充不充足，这里的事实一般来讲就是你造成伤害的事实，不管出于什么原因,0,2020-08-26 20:18 
https://weibo.cn//u/2669244775,茉莉花味香胰子,男,甘肃,74,242,537,回复@君君lilac:【这个字数限制太烦了】现在提到冷水滩公安局办理，如果仍然被认定为估计伤害致轻伤，还是会抓人交给检察院，检察院审理事实清楚证据确凿最后向法院提起公诉，由法院审理看到底是见义勇为还是故意伤害，因为伤人是事实，猥琐男被行政拘留了但是还是可以起诉你，至于谁会赢法院审理完才见分晓。,0,2020-08-26 20:10 
https://weibo.cn//u/2669244775,茉莉花味香胰子,男,甘肃,74,242,537,回复@君君lilac:这案子之前应该是公安局想促成刑事谅解以保全这个男生的，毕竟刚考上大学!结果男生家人不服，因为之前警方通报说男生家人不愿民事赔偿，所以冷水滩公安分局才拘人准备移送检察院的!结果被舆论吵起来了。,0,2020-08-26 20:08 
https://weibo.cn//u/5737710749,一江日辰,男,安徽,47,245,13,又是永州，永州的警察就是真的没有用，真当大家都忘了当年强奸未成年女生的事件了吗？不得不说前人的预言，真的非常准：永州之野产异蛇，黑质而白章，触草木，尽死，以啮人，无御之者。 🐍=👮♂️ ,0,2020-08-26 19:49 
https://weibo.cn//u/2669244775,茉莉花味香胰子,男,甘肃,74,242,537,回复@君君lilac:这样的情况多了会促使公检法办案更加严格认真，不会和稀泥一刀切，其实是好事，任何部门都需要监督!你说的公信力的问题，类似这种有争议的案子还是个别情况，并没有想象的那么严重，不至于，再说不服可以上诉嘛。还有现在舆论群体都凭借日常观念评判，和冷酷的法律碰撞难免会有争议，其实很正常。,0,2020-08-26 19:46 
https://weibo.cn//u/6130998499,围城_72594,男,天津,392,384,111,回复@莫耶coda:怎么制服？讲道理，聊感情，感动对方？,0,2020-08-26 19:45 
https://weibo.cn//u/5566675671,狐萝白三代,男,其他,985,344,67,回复@宝宝要可爱呢:他们都是从自身出发，怎么可能想到这些,0,2020-08-26 19:28 
https://weibo.cn//u/2669244775,茉莉花味香胰子,男,甘肃,74,242,537,回复@君君lilac:应该这样理解，是责令分局撤销，提到冷水滩公安局重新调查了!在调查未完成没有批准逮捕之前是可以放人的!也就是还没结果，最后有没有罪还得看法院审理!公安局是没权利说一个人有罪没罪的。这种争议大的案件比较敏感，公安局这么做也有先例的，舆论监督司法是好事，最后看无罪辩护能不能胜诉吧。,0,2020-08-26 19:27 
https://weibo.cn//u/2169803243,月半纟氏,男,海外,3292,118,152,唐慧案也是永州，这地方警察很有问题,0,2020-08-26 19:27 
https://weibo.cn//u/7412332018,莫迪里阿咦,女,北京,129,254,8,艹,0,2020-08-26 17:58 
https://weibo.cn//u/5803103774,左眼观股市,男,山东,3211,25,166,难道别人猥亵了你的女人，然后需要歇一会，这期间你就不能制止他吗？如果别人在强奸别人，然后因为没有把女方裤子脱下来，累了，休息一会，毕竟年过半百了， 这时候如果有人制止他，就是非自保了吗？就不是见义勇为了吗？非要在似进非进的时候制止吗？非要看现场直播吗？,0,2020-08-26 17:51 
https://weibo.cn//u/2720298467,shitau-,女,海外,833,943,1814,？,0,2020-08-26 17:23 
https://weibo.cn//u/6005391273,shitizen的胜利,男,其他,63,35,20,回复@一两五仁月饼:如果裁定故意伤人就是判定不属于扭送行为，也没有问题，现在改判只承担民事责任就是只判定防卫过当构成轻伤，属于德治与法治并行,0,2020-08-26 17:06 
https://weibo.cn//u/6005391273,shitizen的胜利,男,其他,63,35,20,回复@一两五仁月饼:看到你这个，特地问了法学院的同学，他们一致认为小伙至少构成防卫过当,0,2020-08-26 17:02 
https://weibo.cn//u/6005391273,shitizen的胜利,男,其他,63,35,20,回复@一两五仁月饼:1.猥亵行为是否属于犯罪行为？2.踹伤是否扭送必要手段？首先这个扭送不符合犯罪前提，其次你不能说我为了扭送犯人把犯人杀了吧？,0,2020-08-26 16:58 
https://weibo.cn//u/6347721297,一九九八年七月二十二,男,海外,1,943,1704,"回复@雑魚烧:追你的🐶明星去吧,别出来送🐴了",0,2020-08-26 16:37 
https://weibo.cn//307306786,雑魚烧,女,其他,2927,138,477,回复@一九九八年七月二十二:你是疯子吧。。。太好笑了疯狗一样,0,2020-08-26 16:33 
https://weibo.cn//u/6347721297,一九九八年七月二十二,男,海外,1,943,1704,"回复@雑魚烧:你还结婚呢？大街上随便找一条流浪公🐶就行了,哈哈哈哈哈哈哈哈哈,笑死了,你咋不把简介改成🐶呢,一个表情生动又真实",0,2020-08-26 16:25 
https://weibo.cn//u/6347721297,一九九八年七月二十二,男,海外,1,943,1704,回复@雑魚烧:你有你🐴的🐶智商,0,2020-08-26 16:24 
https://weibo.cn//09120921,黑鹭zero,男,上海,5198,635,4531,回复@Lzvei1997:看好你,0,2020-08-26 15:59 
https://weibo.cn//u/6356159068,恋-虐心,男,四川,92,30,27,回复@朱砂的新小窝:照你这么说那你去打死他呗！中国是法治社会还是暴利社会？犯了错打就完事了呗,0,2020-08-26 15:57 
https://weibo.cn//u/5972349620,脑洞君_封印解除,男,其他,178,66,5,回复@哟_好久不见:而罗翔老师专门针对本案的看法的大致内容是：①男生的举动属于“扭送”行为②造成轻伤属于“扭送过当”③造成轻伤和扭送的的手段是否有合理需要我们社会一般人判断④“扭送过当”属于过失罪，过失对轻伤不构成犯罪⑤无论如何善行都不能论以犯罪。所以这个男生根本不应该被拘留。,0,2020-08-26 15:54 
https://weibo.cn//u/5972349620,脑洞君_封印解除,男,其他,178,66,5,回复@哟_好久不见:“无论如何，善行都不能论以犯罪，否则违法就并非不易，反而是荣耀。司法活动他不是电脑运算，必须考虑民众道德情感的行为。为此才能保证司法的公信力。”——刑法人罗翔,0,2020-08-26 15:38 
https://weibo.cn//u/3511401694,程子羽阿,男,河南,226,239,885,有些人，学法律学的一点人味儿都没了！,0,2020-08-26 15:38 
https://weibo.cn//u/5972349620,脑洞君_封印解除,男,其他,178,66,5,回复@哟_好久不见:半灌水没有你还指点起别人了，犯罪嫌疑人的逃跑行为属于犯罪过程的延续，公民为阻止犯罪嫌疑人逃跑对犯罪嫌疑人造成的损伤不应当被算为故意伤害罪。顺便告诉你，少年已经被撤销刑拘了,0,2020-08-26 15:34 
https://weibo.cn//u/2023400483,君君lilac,女,海外,25,77,37,回复@茉莉花味香胰子:现在的结果是人民日报发布的，“已责令冷水滩分局撤销案件，立即解除对胡某某的刑事拘留”，这是一个预料之中的结果，一旦舆论形成鼎沸之态，相关部门才会被逼表态被逼重新审理给出结果，为什么我们的公检法总是要靠舆论压力来审理案子？这样的例子多了对于公信力没有伤害吗？百姓不被带节奏也很难吧？,0,2020-08-26 15:25 
https://weibo.cn//u/1932618082,道szguosh63,男,广东,97,83,188,不算见义勇为也不应该刑拘。故意伤害罪么？作案动机是什么？,1,2020-08-26 15:17 
https://weibo.cn//u/6130236596,请回答枇杷树,女,其他,273,220,20,回复@嘉尔的冰淇淋:自古正不压邪,0,2020-08-26 15:05 
https://weibo.cn//u/2564014835,沅珒,男,海外,866,8090,627,支持警方，没毛病,0,2020-08-26 14:57 
https://weibo.cn//u/1187273557,minicm,女,上海,4211,2405,831,回复@莫耶coda:打脸了没，事情经过都没了解清楚就来做理中客。,0,2020-08-26 14:55 
https://weibo.cn//u/1187273557,minicm,女,上海,4211,2405,831,回复@东方今报:本来就是当地警方乱作为。我国最该普法的群体是基层一线的执法者，尤其是一些小地方的警察估计法律常识还不如一个普通公民，遇事不是和稀泥就是机械性执法。这些乱作为的案子只有舆情发酵才能扭转，可是大部分的案子都上不了热搜。,1,2020-08-26 14:49 
https://weibo.cn//u/6357752376,肥宅摸鱼柴,男,其他,1220,187,639,我TM真是搞不懂了,0,2020-08-26 14:43 
https://weibo.cn//u/6246580779,羊文三头铁,女,海外,72,56,198,脑子有点问题吧 这样以后谁来见义勇为,1,2020-08-26 14:28 
https://weibo.cn//u/6064419701,兮瑾81463,女,其他,66,118,3,强奸的时候阻止就算见义勇为了吗,0,2020-08-26 14:05 
https://weibo.cn//u/5243972695,我看你很欧科,女,北京,966,517,240,回复@Jiangpy爸爸:诶，北大高材生，看新闻了么？现在北大好考么？,0,2020-08-26 13:54 
https://weibo.cn//u/2442316532,The_24th_heaven,男,福建,677,263,312,回复@兔爷打滚:同意。,0,2020-08-26 13:38 
https://weibo.cn//u/3833905544,是雪不是学啊喂,女,湖北,1157,97,248,狗官,0,2020-08-26 13:25 
https://weibo.cn//u/5582467942,玛丽轰啊,女,北京,652,235,49,回复@凌云彩虹:唉，是这样,0,2020-08-26 13:16 
https://weibo.cn//u/3020069283,扣扣睡醒了,女,广东,287,250,148,回复@东方今报:,0,2020-08-26 13:08 
https://weibo.cn//u/5649677152,齐佳同学,女,江苏,35,39,10,真让人心寒，猥亵行为之所以那么泛滥就是因为犯罪成本低且处罚力度不够，不打的疼了怎么会记得住教训？,0,2020-08-26 13:04 
https://weibo.cn//u/6314337958,arcsin小桔,女,四川,290,321,137,回复@绿蚁红ni:害，这是猥亵的人跑了，是男友追出去踢伤的（好像是叫不法侵害已经停止了，所以不构成正当防卫？？日常感慨法律知识储备浅薄），为什么不属于见义勇为啊，索赔的20万不会成立吧,0,2020-08-26 13:01 
https://weibo.cn//u/2125005071,只想活得自私点,女,广东,3206,125,100,我以后是不会做什么见义勇为的事了。没钱没权，不想吃力不讨好，惹得一身腥。,0,2020-08-26 12:44 
https://weibo.cn//u/7383607160,两只小dogg,女,山东,159,23,6,胡某不用负法律责任是吗？？？,0,2020-08-26 12:44 
https://weibo.cn//u/1808868367,兔爷打滚,男,江苏,17,21,20,回复@阿紫_RY:先搞清楚什么叫故意，故意主观上是以伤害对方为目的，而这个男孩主观上是以协助扭送猥亵嫌犯为目的，根本就不是故意伤害的目的，而且客观上也只造成轻伤，过失轻伤怎么可能是坐牢？,1,2020-08-26 12:43 
https://weibo.cn//u/5764060095,諼草-,女,广西,689,259,382,什么讲故意伤害罪？就是老流氓猥亵女孩子，人家拿男孩子帮你们警察抓流氓。这样就挨刑拘？公义何在？,0,2020-08-26 12:40 
https://weibo.cn//u/6749814288,-赤橙黄绿蓝靛紫-,男,其他,78,498,83,不是你撞的，为什么要扶呢，不是猥亵你，你为什么要反抗呢,0,2020-08-26 12:38 
https://weibo.cn//u/1808868367,兔爷打滚,男,江苏,17,21,20,回复@The_24th_heaven:看别人行为要主客观相统一看，那个男生踢的时候，在主观是要阻止猥亵者逃跑的扭送行为而不是要伤害对方，客观上造成了轻伤，过失轻伤，最多只需要民事赔偿即可。,0,2020-08-26 12:35 
https://weibo.cn//u/5347577564,一曲折扇情_,男,北京,113,114,61,回复@千江有水千江月oc:看法治🉐意见  案件送审以后  法治说了算  法治决定呗  但是得按照法律法规来,0,2020-08-26 12:32 
https://weibo.cn//u/1808868367,兔爷打滚,男,江苏,17,21,20,回复@AfricanCats:普通民众在那个当下能区分违法行为和犯罪行为吗？不算见义勇为也是一种扭送，大不了算过失。过失轻伤顶多民事赔偿。,0,2020-08-26 12:23 
https://weibo.cn//u/3898440406,yye无心睡眠,男,上海,1823,983,473,这不就是韩剧机智的监狱生活吗,0,2020-08-26 12:18 
https://weibo.cn//u/5337293185,种花家De小狮子,女,四川,136,105,101,回复@starbaby-June:唉，我们家也被偷了几次，有2次是半夜，有一次是白天弟弟生病了家里没人，本来就穷，干干净净的给我们把粮食、鸡鸭偷了，就这样都改变了我们一家的生活状态，更别说十多年了。所以国家对于偷盗这块的律法真的太不公道了。,0,2020-08-26 12:18 
https://weibo.cn//u/5337293185,种花家De小狮子,女,四川,136,105,101,回复@饣反木甬i:不是打的，就是从高坎上摔下入沟底，20多年前农村漆黑的，反正就追赶嘛。,0,2020-08-26 12:13 
https://weibo.cn//u/1640131722,童妈js,女,江苏,333,266,255,回复@东桃花源:钓鱼🎣有意思吗,0,2020-08-26 12:02 
https://weibo.cn//u/6657449691,白日梦研究专家·葭月黄桃,女,其他,1469,497,30,回复@吃掉小葡萄:气死我了 这都是什么狗屁法律,0,2020-08-26 12:01 
https://weibo.cn//u/5743755076,Super慢5743755076,男,山东,100,54,144,回复@东方今报:依法治国,0,2020-08-26 12:00 
https://weibo.cn//u/5800255840,马刺and勒布朗,男,海南,2,18,74,有些警察的素质能力堪忧！！,0,2020-08-26 11:52 
https://weibo.cn//u/7343721670,大虾肉多,男,其他,41,49,1,回复@蜂蜜水咕噜噜噜噜:能上热搜的需要考虑很多,0,2020-08-26 11:51 
https://weibo.cn//u/5215167500,一只吃瓜的柠檬精,女,其他,2071,444,344,那小胡要是眼瞅着猥亵犯在眼前逃跑而不阻拦，或者只是很随意的表面敷衍阻拦一下。是不是可以认为小胡在包庇在帮助猥亵男逃脱法律的制裁阿？那小胡是不是可以被认为是接应是同伙阿？小胡好难哦,0,2020-08-26 11:49 
https://weibo.cn//u/6597348399,九隅斌客,女,北京,94,369,65,回复@爱学法律的博:罗翔老师刚刚发了视频，你要不要去看下？,0,2020-08-26 11:39 
https://weibo.cn//u/3187478110,请随意抹布我本命但要记得艾特我,女,海外,4544,435,360,回复@莫失聪聪:还有就是刚注意到的时间线问题，当天猥亵男走进警局签署免责协议，几天后检测粉碎性骨折？或许这位少年骨骼清奇，是化骨绵掌的第六十七代传人吧！我还是那句话，不要做没有人性的法律机器，不要站在事后理性人的角度看问题还洋洋得意认为别人都不懂法，做个人吧？行吗？,0,2020-08-26 11:39 
https://weibo.cn//u/3187478110,请随意抹布我本命但要记得艾特我,女,海外,4544,435,360,回复@莫失聪聪:Hello？你是不是不识字啊？一，他二人不是男女朋友关系；二，就算是男女朋友关系，从情理上拦截猥亵男也是合理的，且男同学没有主观上想要伤害猥亵男。至于责任，男同学家里已经付了猥亵男的住院费，你的意思是把二十万也打给猥亵男呗？,0,2020-08-26 11:37 
https://weibo.cn//u/2669244775,茉莉花味香胰子,男,甘肃,74,242,537,回复@君君lilac:浙大那个最后认定强奸中止，那么判也没问题。这个案子，目前只是诉讼阶段，致人轻伤触犯刑法了，所以被刑拘也是合理的，犯不犯罪其实警察说了不算，所以才说涉嫌，刑拘只是刑事案件审理过程的一个环节，最后看法院如何审理。所以别被带节奏了,0,2020-08-26 11:30 
https://weibo.cn//zhimingzou,AfricanCats,男,重庆,571,280,320,回复@狗狗与周周:此乃微博办案。上头高度重视了，那么结果就是:猥亵者行政拘留15日（已经执行），女孩男友无罪释放，但是有过失所以赔偿部分医药费（赔偿部分甚至政府部门关怀一下）,0,2020-08-26 11:26 
https://weibo.cn//u/6591841849,迷迷茫茫的小鹿,女,其他,114,289,25,回复@东方今报:男生好像今年高考，是否受到影响，怎么赔偿别人,0,2020-08-26 11:26 
https://weibo.cn//u/6597348399,九隅斌客,女,北京,94,369,65,回复@唯冷独嗳月倾心2:行为本身适用于扭送，但扭送扭出粉碎性骨折的仅此一家,0,2020-08-26 11:24 
https://weibo.cn//u/5281425201,一两五仁月饼,男,广东,39,159,140,回复@茉莉花味香胰子:你在微博里@ 罗老师来普法，人家普法视频出了你又不看，完了还说别人不懂法。对你这种人我是当真服气的。,0,2020-08-26 11:06 
https://weibo.cn//u/3477651072,莫失聪聪,男,四川,577,214,164,回复@请随意抹布我本命但要记得艾特我:警方把他拘留是量刑过重。所以要重新调查，是不是属于见义勇为和防卫过当。但最终需要他自己承担的责任还是要承担的。,0,2020-08-26 11:03 
https://weibo.cn//u/2669244775,茉莉花味香胰子,男,甘肃,74,242,537,回复@一两五仁月饼:警察是暴力机关，哥们，刑诉法给他们权利了!再说，缉毒警察可以滥杀无辜么,0,2020-08-26 11:00 
https://weibo.cn//u/2669244775,茉莉花味香胰子,男,甘肃,74,242,537,回复@一两五仁月饼:轻伤构成犯罪了，为什不能刑拘?,0,2020-08-26 11:00 
https://weibo.cn//u/2669244775,茉莉花味香胰子,男,甘肃,74,242,537,回复@一两五仁月饼:警察是暴力机关，哥们，刑诉法给他们权利了!再说，缉毒警察可以滥杀无辜么,0,2020-08-26 11:00 
https://weibo.cn//u/3477651072,莫失聪聪,男,四川,577,214,164,回复@请随意抹布我本命但要记得艾特我:此外你说的见义勇为，也不属于，他们俩在商场手挽手，是男女朋友吗？如果是男女朋友，他们俩就有利害关系，就不属于见义勇为。见义勇为的定义，要双方没有利害关系。当然你也可以说他们俩手挽手不算是男女朋友。不承认是男女朋友。,0,2020-08-26 10:59 
https://weibo.cn//u/5281425201,一两五仁月饼,男,广东,39,159,140,回复@茉莉花味香胰子:那你得把所有缉毒警全刑拘起来,0,2020-08-26 10:58 
https://weibo.cn//u/2669244775,茉莉花味香胰子,男,甘肃,74,242,537,回复@一两五仁月饼:轻伤构成犯罪了，为什不能刑拘?,0,2020-08-26 10:57 
https://weibo.cn//u/5281425201,一两五仁月饼,男,广东,39,159,140,回复@茉莉花味香胰子:你不还找罗老师普法了么？咋了没普到你头上？,0,2020-08-26 10:57 
https://weibo.cn//lussya,凌云彩虹,女,北京,1128,482,888,回复@东方今报:这是被媒体报道上热搜了，但凡没有上热搜，这孩子的一生 这一家就被毁了,5,2020-08-26 10:56 
https://weibo.cn//u/5464733950,岩谷酱,女,辽宁,208,216,237,回复@岩谷酱:谁知道当时到底发生了什么,0,2020-08-26 10:56 
https://weibo.cn//u/5464733950,岩谷酱,女,辽宁,208,216,237,请问监控去哪里了,0,2020-08-26 10:56 
https://weibo.cn//u/2891558560,陆之昂,女,其他,3188,446,772,回复@用户·89757:@Kko_o5 希望这些公安和猥琐男家的女人都被猥亵,0,2020-08-26 10:55 
https://weibo.cn//u/5281425201,一两五仁月饼,男,广东,39,159,140,回复@茉莉花味香胰子:《刑事诉讼法》第八十二条规定，对于有下列情形的人，任何公民都可以立即扭送公安机关、人民检察院或者人民法院处理： （一）正在实行犯罪或者在犯罪后即时被发觉的； （二）通缉在案的； （三）越狱逃跑的； （四）正在被追捕的。 你觉得呢？单纯因为对方验出轻伤就刑拘是合法的吗？,0,2020-08-26 10:54 
https://weibo.cn//u/5281425201,一两五仁月饼,男,广东,39,159,140,回复@shitizen的胜利:是啊，普法任重道远。《刑事诉讼法》第八十二条规定，对于有下列情形的人，任何公民都可以立即扭送公安机关、人民检察院或者人民法院处理： （一）正在实行犯罪或者在犯罪后即时被发觉的； （二）通缉在案的； （三）越狱逃跑的； （四）正在被追捕的。,0,2020-08-26 10:53 
https://weibo.cn//u/6377685633,蜂蜜水咕噜噜噜噜,男,海外,736,344,194,回复@东方今报:哈 总算有个好结果,1,2020-08-26 10:49 
https://weibo.cn//dfjb,东方今报,女,河南,76756,1106,7477604,【最新消息｜踹伤猥亵男男生被解除刑拘，父亲：26日凌晨到家今天吃团圆饭】,17,2020-08-26 10:47 
https://weibo.cn//u/2043320915,A夜月追风A,男,山东,212,203,55,回复@明月吹清风:刚看了看说是五天后来说骨折要20w？分局帮着敲竹杠都不会，搞个民事赔偿它不香吗？非得搞个故意伤人刑事责任。这下好了，笑死全网都知道了，说不定连分局都得出事，希望人有事,0,2020-08-26 10:46 
https://weibo.cn//u/5363744735,枕寒想不粗昵称,女,浙江,68,421,61,这是哪一个小机灵鬼判的案啊，太聪明了🙂🙂🙂这是生怕我们不知道他是个没脑子的是吗,0,2020-08-26 10:44 
https://weibo.cn//u/2837273904,JIYEON2____暮落,女,浙江,1086,191,140,警匪一家,0,2020-08-26 10:29 
https://weibo.cn//u/3890206618,明月吹清风,女,北京,31,101,1815,回复@A夜月追风A:哎,0,2020-08-26 10:21 
https://weibo.cn//u/6008582126,Willing1乐园,男,上海,474,256,80,回复@Jiangpy爸爸:拜托你去看看罗翔普法里面对这件事的看法。让你从法律的层面看看这件事，你的看法很可笑,0,2020-08-26 10:14 
https://weibo.cn//u/5196550471,长安real,女,广东,711,238,36,回复@空明巷的光:哈哈哈哈哈哈没有最好，但是放在我们国家估计没那么好过吧,0,2020-08-26 10:11 
https://weibo.cn//u/6008582126,Willing1乐园,男,上海,474,256,80,请去看看罗翔的普法，这个是扭送行为，完全可以不用赔偿，而且是公民们普遍认可的行为，法律本来就是为了公民的利益设立的，却被判成这样，不是恶心人嘛，这群警察可以集体辞职！,0,2020-08-26 10:11 
https://weibo.cn//u/3187478110,请随意抹布我本命但要记得艾特我,女,海外,4544,435,360,回复@莫失聪聪:昨天懒得回复你，我还是那句话，你读不懂可以手抄一份问问你小学老师。另，该民事赔偿就民事赔偿，但是是有过失，不是防卫过当或故意伤害。我真的不想跟你说了，什么叫“开脱”？你觉得帮女同学拦截猥亵男是犯罪？是需要开脱的事？真是蝻权脑啊，你别再回复我了，我也不想送你答题，麻烦。,0,2020-08-26 10:11 
https://weibo.cn//u/6105812214,枫丹白露02791,男,其他,2103,336,161,老人倒地扶不扶已经坑了一批人。看来见义勇为的风险也很大。  这是要把我们最起码的良知道德全部坑趴下的节奏吗？,0,2020-08-26 10:09 
https://weibo.cn//u/7151154217,唯冷独嗳月倾心2,女,江西,630,486,44,回复@九隅斌客:何错之有？,0,2020-08-26 10:09 
https://weibo.cn//u/1750515901,Lily喵_斗里,女,海外,7945,242,261,回复@这个牛-很低迷:律政界辣鸡特别多，因为畜牲知道自己制定法律才能逃脱漏洞。我不是说所有，只是说其中一部分。好人数量有些少了。,0,2020-08-26 10:07 
https://weibo.cn//u/2189172627,王小埋丶,男,安徽,58,47,62,回复@空明巷的光:,0,2020-08-26 10:07 
https://weibo.cn//u/5856125242,面朝阳光很温暖,女,陕西,3494,59,105,回复@这个牛-很低迷:别说，还真的有这样的案例,0,2020-08-26 10:06 
https://weibo.cn//DasxTy,宇飞扬-燕几航,女,山西,988,96,142,哦 ，这不是见义勇为啊，那你们警察这算见义勇为了呗，勇敢的从无辜男生手里救下了猥琐男呗，鼓掌👏,0,2020-08-26 10:06 
https://weibo.cn//u/7373180518,KJX20051104XING,女,河北,181,187,11,回复@东方今报:话题 没了？？？,0,2020-08-26 10:05 
https://weibo.cn//u/5969632713,--金桔希子--,女,浙江,123,280,148,好让人生气啊,0,2020-08-26 10:05 
https://weibo.cn//u/3968416409,街角的人cm,女,河南,502,321,604,是提倡袖手旁观么,0,2020-08-26 10:05 
https://weibo.cn//u/7151154217,唯冷独嗳月倾心2,女,江西,630,486,44,回复@这个牛-很低迷:对啊，超市老板追小偷，小偷闯红灯被撞死，还判了超市老板赔钱呢,0,2020-08-26 10:05 
https://weibo.cn//u/5897933217,怎么把微博注销,女,海外,1,38,24,狗官，呸,0,2020-08-26 10:05 
https://weibo.cn//u/6294737439,詺天的詺天,男,广东,92,28,8,舆论执法，大国风范     举报             赞[0]         回复             今天 10:04 来自网页,0,2020-08-26 10:04 
https://weibo.cn//u/6527270426,没脑子的馋鬼,女,其他,0,78,41,着实无语,0,2020-08-26 10:04 
https://weibo.cn//u/5333154116,韩丕丕_,女,海外,506,1016,266,曹尼玛,0,2020-08-26 10:04 
https://weibo.cn//u/5634565146,阿宋啊阿宋,女,湖南,556,474,71,20万不该拒绝吗？,0,2020-08-26 10:04 
https://weibo.cn//u/6472974071,ElegantNi,女,江苏,501,297,139,？？？？？,0,2020-08-26 10:03 
https://weibo.cn//purplevv,阿紫丫头,女,北京,7518,669,874,没有惊动？高度重视？ 呵呵 这什么玩意儿,0,2020-08-26 09:42 
https://weibo.cn//u/2410963803,不惑始书,男,广西,1690,574,137,回复@东方今报:看不懂了,0,2020-08-26 09:28 
https://weibo.cn//zhanyonglun,狗狗与周周,女,广东,357,737,188,回复@AfricanCats:看看吧，见义勇为踢伤他就是没错，看见别人猥亵谁还管出手力度啊？据永州新闻网，记者从永州市公安局获悉，对近日网民关注的“男学生踹伤猥亵男”案，该局高度重视，已责令冷水滩分局撤销案件，立即解除对胡某某的刑事拘留，提级由市公安局重新调查。,0,2020-08-26 09:23 
https://weibo.cn//u/6924754779,有工作的家庭妇男,男,其他,7,65,25,回复@凛然眸下的泪:你从哪看到是流浪汉的，来，拿出证据,0,2020-08-26 09:21 
https://weibo.cn//sunflowerleaves,红叶太阳花,女,其他,1937,128,167,？？？？？？,0,2020-08-26 09:16 
https://weibo.cn//317127549,秀儿学院,男,湖南,216,60,67,我国的法律还不完善,0,2020-08-26 09:13 
https://weibo.cn//u/2442316532,The_24th_heaven,男,福建,677,263,312,回复@张弛cc:如果这样他可以不跑并接受法律的制裁，我觉得这么做没什么不妥。,0,2020-08-26 09:06 
https://weibo.cn//u/2442316532,The_24th_heaven,男,福建,677,263,312,回复@世纪贤宝:虽然我不是猥亵佬，但我不会人身攻击别人呀,0,2020-08-26 09:04 
https://weibo.cn//u/6408762078,A啦啦啦啦1,女,上海,10,215,14,这样之后谁还敢见义勇为,0,2020-08-26 08:58 
https://weibo.cn//u/1834093654,circleNcircle,男,广东,257,586,121, 这个社会的法律就是这样的么，我感到很绝望,0,2020-08-26 08:55 
https://weibo.cn//u/2434529707,LOvEKentoSuda,女,香港,4877,362,242,？？？,0,2020-08-26 08:55 
https://weibo.cn//u/7439768191,布鲁斯浩克,男,北京,22,253,11,回复@干啥啥不行吃饭第一名·:很多小地方现在自然有这种情况，只是没有被爆出来而已,0,2020-08-26 08:51 
https://weibo.cn//427906368,广宇3721,男,河北,137,205,1077,同学之间的正当防卫，众人的见义勇为应该得到鼓励。治安处罚法难道会鼓励威胁和逆来顺受吗？,0,2020-08-26 08:48 
https://weibo.cn//u/5233210565,宇舟line,女,四川,5362,386,548,妈蛋     咱众筹给找好律师    怎么筹钱？,0,2020-08-26 08:46 
https://weibo.cn//u/5233210565,宇舟line,女,四川,5362,386,548,狗屁法律   能不能整点阳间等我法律,0,2020-08-26 08:45 
https://weibo.cn//u/1866920117,Michaelle,女,其他,1465,1032,96,？？？//,0,2020-08-26 08:34 
https://weibo.cn//u/2145649852,酥檀,女,云南,100,351,39,我吐了，拒绝赔偿？20万是一个普通家庭说拿就拿的吗,0,2020-08-26 08:34 
https://weibo.cn//600230610,王不留行up,男,浙江,2950,440,405,我想看看这个老头长人模狗样的,0,2020-08-26 08:16 
https://weibo.cn//u/5642700963,百花图谱,男,其他,117,55,480,回复@张fy张:坏警察和坏法官越多，监狱里好人也就越多,0,2020-08-26 08:10 
https://weibo.cn//u/2357102684,今日痛饮重逢酒,男,安徽,441,324,173,奇幻的世界,0,2020-08-26 08:08 
https://weibo.cn//u/5462689885,千江有水千江月oc,女,辽宁,198,47,82, 真能这样？？？,0,2020-08-26 08:00 
https://weibo.cn//u/2023400483,君君lilac,女,海外,25,77,37,回复@茉莉花味香胰子:好，你的回复全部看了，但是仍然不理解即使行为过当或者说在他终止猥亵行为以后仍然追打造成伤害？但是罪至刑拘吗？为什么我们的司法公正总是要靠舆论压力？浙大强奸犯努什么的那个东西且不说是否被逼取消学籍，为什么只是获刑一年半缓刑一年半这么轻？这样的判决真的公正吗？,0,2020-08-26 07:53 
https://weibo.cn//u/2416509007,维鹊有巢12,男,陕西,520,158,158,永州，唐慧的案子还都记得吗？就是这个地方！,0,2020-08-26 07:52 
https://weibo.cn//u/5563592112,干啥啥不行吃饭第一名·,女,其他,5,68,27,回复@布鲁斯浩克:是的 很多年前我那小县城就是，后来因为一个导火索激起了民怨.打砸抢烧政府和公安局...紧急在邻近县市调动警力 那块范围只能进不能出才控制好...现在那里还立了个警示馆...那时候就是官匪一家.我还上小学 从来不知道晚上出去玩是什么感觉..太乱了...偷抢都是常事...经过那次事件...家乡才开始发展了...,0,2020-08-26 07:42 
https://weibo.cn//u/6130998499,围城_72594,男,天津,392,384,111,回复@莫耶coda:如果已经控制住了，再去殴打，这属于故意伤害；现在情况是嫌疑人逃跑过程中，制服嫌疑人的过程中造成的伤害，不应属于故意伤害，这跟抓小偷过程导致小偷受伤等性质一样。,0,2020-08-26 07:23 
https://weibo.cn//u/1580140915,T-54坦克,男,上海,1830,200,32720,说正当防卫的各位，你们要是以后搁马路上被一群人莫名其妙揍一顿，然后他们说你摸了他女朋友屁股。这时候你们还要这正当防卫么？,0,2020-08-26 06:53 
https://weibo.cn//u/5832808573,江浦路剥虾冠军,女,广东,1050,227,66,？缓缓打出一个问号,0,2020-08-26 06:45 
https://weibo.cn//u/6064725895,哟呵这就比较厉害了,女,其他,546,160,239,以后大家还敢见义勇为？,0,2020-08-26 06:44 
https://weibo.cn//u/5696847996,海月翎的大号,女,黑龙江,279,138,61,回复@LAN梦91161:这法律笑死我了，不保护受害人反倒越来越强调罪犯的人权，中国是庇护罪犯的国家吗？,0,2020-08-26 06:42 
https://weibo.cn//u/2704680364,starbaby-June,女,上海,298,230,177,回复@种花家De小狮子:唉，一家人的命运就此改变了。,0,2020-08-26 06:32 
https://weibo.cn//312036662,Lion1vy,女,湖北,342,319,1768,你们警察抓坏人的时候不会把坏人弄伤？我想知道那怎么没见过你们被刑拘呢？,0,2020-08-26 06:22 
https://weibo.cn//u/1678047340,让世界倒转吧,女,内蒙古,2757,309,893,警察有追捕的权利，普通公民没有……,0,2020-08-26 06:20 
https://weibo.cn//u/6599047475,LAN梦91161,男,其他,0,359,4,回复@海月翎的大号:真的是，这法律真的是令人失望,0,2020-08-26 06:09 
https://weibo.cn//u/6599047475,LAN梦91161,男,其他,0,359,4,回复@扣扣睡醒了:真的是，他还有理了这,0,2020-08-26 06:08 
https://weibo.cn//u/5231932802,阿滨滨滨滨滨滨,女,吉林,97,138,308,意思是以后见义勇为之前先去找律师问问，会不会被判刑？,0,2020-08-26 05:56 
https://weibo.cn//u/2538064033,当年明月1890,男,山东,0,6,0,我家和邻居家发生一些小纠纷，邻居先是破口大骂，然后先动手打人，我爸和他撑了一下架子，他俩都倒地了，被人拉开后，对方还还骂了一个多小时，后来对方住院了，轻伤一级和二级，我家赔钱加判刑，你找谁说理去，对方在公检法系统也有亲戚，呵呵，这就是现实。,2,2020-08-26 05:27 
https://weibo.cn//u/6564150303,Chpmnk,女,海外,1010,166,24,真噁心 是有多心虛還把話題炸了,0,2020-08-26 05:08 
https://weibo.cn//u/6564150303,Chpmnk,女,海外,1010,166,24,話題沒了科科,0,2020-08-26 05:07 
https://weibo.cn//u/7317571275,TXXSYT,男,其他,1012,663,401,回复@日村勇紀:中国的正当防卫这么苛刻，结果造成犯罪分子敢嚣张，受害人很难维护不被害的权益，客观上起了助纣为虐的作用。,0,2020-08-26 04:35 
https://weibo.cn//u/5281470187,莫耶coda,男,湖北,138,451,50,回复@围城_72594:可以阻拦，可以制服。但你不能侵害嫌疑人身体，因为你没有对罪犯的执法权，这已经造成了一级伤残了，而且是犯罪终止后，判见义勇为肯定是不可能的,0,2020-08-26 03:37 
https://weibo.cn//u/5281470187,莫耶coda,男,湖北,138,451,50,回复@minicm:法永远是大于情的。情感上来说，这个人踢得没问题。但法律上来说，这个人是事后的恶意报复，判故意伤害没问题。法律是严谨的，见义勇为只适用于伤害发生时，而不是伤害发生后,0,2020-08-26 03:33 
https://weibo.cn//u/5812897302,我劝你自杀,男,其他,147,615,562,让你多管闲事,0,2020-08-26 03:23 
https://weibo.cn//u/6301451386,vyvy的厨子,男,其他,63,5,79,回复@RammyFan:你不能因为法律有漏洞就全面否认法律存在的意义。就好比你不能因为车子轮胎不好就把车扔了，那样只会让你走的更慢。,0,2020-08-26 03:10 
https://weibo.cn//u/6301451386,vyvy的厨子,男,其他,63,5,79,回复@RammyFan:法律确实做不到人人都能受到保护，但是法律的存在让全国人民最大程度的受到了保护。,0,2020-08-26 03:09 
https://weibo.cn//u/2352578055,斯托维科夫,男,海外,451,434,155,光天化日袭胸女生稳赚不赔？因为袭胸行为在一瞬间完成，事后任何追加动作都不构成正当防卫,0,2020-08-26 02:59 
https://weibo.cn//u/5189565496,siFLORA啊,女,湖南,940,334,356,永州好黑啊！感觉其中肯定有啥猫腻,0,2020-08-26 02:58 
https://weibo.cn//u/3592728615,必须学会上学,男,北京,84,351,124,回复@1142久久:是吗 我觉得你的更奇怪喔,0,2020-08-26 02:53 
https://weibo.cn//u/2134349481,背影君的蛋白酱,女,上海,282,69,30,回复@肖御医:也可能和猥亵犯商量好了，保证他这次没事，要了钱九一分账，被踢了一脚骨折不严重再帮他加重一下病情来更好的讹人，反正唐慧案都没事，故意撞一下算什么,0,2020-08-26 02:52 
https://weibo.cn//u/2113465451,饣反木甬i,男,其他,249,222,99,回复@用户·89757:抓捕罪犯是👮的事，你没有权力限制他人人身自由。,0,2020-08-26 02:46 
https://weibo.cn//u/2113465451,饣反木甬i,男,其他,249,222,99,回复@种花家De小狮子:被他打断的吧,0,2020-08-26 02:42 
https://weibo.cn//u/6633816080,娶巴巴羊回家,女,其他,26,207,13,回复@明月月明:帮忙留人被拘留，社会逼人冷漠啊,0,2020-08-26 02:39 
https://weibo.cn//u/3254744797,1142久久,男,上海,27,96,36,回复@东方今报:1。没经检察院起诉没经法院判刑的都是无罪的，公安凭什么出具法治意见认定不是见义勇为或是正当防卫？公安现在可以兼职法官了？  2这件事情的重点不在于是不是见义勇为，明明在意奇葩的伤情鉴定，凭什么了伤就认定事那天男孩子踢的，当场怎么不认定？回家走路上被雷劈了摔出来的可能性更大吧,0,2020-08-26 02:38 
https://weibo.cn//u/5656363976,张小熊zz,男,江苏,196,553,188,20w的民事赔偿是警察定的价么，为啥要赔他,0,2020-08-26 02:37 
https://weibo.cn//u/2134349481,背影君的蛋白酱,女,上海,282,69,30,回复@我的晋助老公不可能那么傲娇:还真是 刚刚看完唐慧案,0,2020-08-26 02:37 
https://weibo.cn//u/2232686183,深海潜伏者111,男,河南,2624,202,502,湖南永州，痴汉天堂,0,2020-08-26 02:35 
https://weibo.cn//u/3254744797,1142久久,男,上海,27,96,36,回复@1142久久:以及，律师和法律届一些人已经出来说了不应该有刑事责任的,0,2020-08-26 02:34 
https://weibo.cn//u/3254744797,1142久久,男,上海,27,96,36,我替法律叫个冤，每次这种事情都说法律不正义不保护谁谁谁，法律有漏洞，法律不公平，拜托，这里面检察院和法院根本就没出现好吗？公安根本就没有移交检察院也没起诉没审判，现在是在公安里面，虽说公检法公检法，但是检查院和法院归属于司法体系是有最高检和最高法管着的，公安应该属于当地政府吧？,1,2020-08-26 02:33 
https://weibo.cn//u/6633816080,娶巴巴羊回家,女,其他,26,207,13,回复@老父两次报警无果被杀:上去上去,0,2020-08-26 02:32 
https://weibo.cn//u/5092845668,Tonyyyyyyyyyyyyyy,男,浙江,32,64,21,我以为法律是用来讲理的地方，看来是我年轻了，警方都鼓励猥亵+讹诈了，还是做个坏人好呀！,0,2020-08-26 02:31 
https://weibo.cn//u/3254744797,1142久久,男,上海,27,96,36,回复@日村勇紀:不是你们想法好奇怪，世界上没有完美的法律，好的执法者可以用现有的法律解释做出正当的结果，不好的执法者他就当你是废纸一本，看都不看你法律再完善有什么用？你看清楚这个事件里面只有公安，没有检察院和法院，这是行政内部的事情，交给纪委，和司法系统无关,0,2020-08-26 02:30 
https://weibo.cn//u/6424694975,周嘉鱼的林先生,女,其他,639,262,857,永州公安牛掰,0,2020-08-26 02:23 
https://weibo.cn//u/1412006993,RammyFan,男,重庆,1109,206,150,回复@vyvy的厨子:“如果人人都可以自己去惩罚加害者，那还要法律干什么”——如果法律总是不能保护受害人，那还要法律干什么？,0,2020-08-26 02:10 
https://weibo.cn//u/3732800080,SJ颖,女,其他,1998,329,116,QTMD阻止犯法的人逃跑不叫见义勇为？？？？还拒绝赔偿？那明明就是拒绝敲诈好么,0,2020-08-26 02:04 
https://weibo.cn//u/6534910081,小謝十二,女,广东,631,110,54,不好意思 想骂人了,1,2020-08-26 02:00 
https://weibo.cn//u/1714144044,tm222_861,男,上海,236,157,122,你女儿被人猥亵的时候，我们就看着好了,0,2020-08-26 01:52 
https://weibo.cn//u/6399115302,制热冰柜,男,其他,0,189,1,回复@东方今报:话题被封了 真tm牛逼,0,2020-08-26 01:43 
https://weibo.cn//u/3184673811,Espn丶TNT,男,天津,831,287,558,理解，在这儿，行人撞车了，是车不对,0,2020-08-26 01:34 
https://weibo.cn//u/5874348313,金珍妮珍有妮的,女,湖北,76,173,265,回复@只走胡同小巷:1看得懂 2列的1234就是不通顺 3你挺能杠的 4显着你了？,0,2020-08-26 01:33 
https://weibo.cn//u/7114104645,你不可有异心,男,海外,37,238,121,回复@绝望和心碎:他应该没有亲戚跟当地jc有关系，咋可能去做，这个一看就是有关系啊，人跟人不能比,0,2020-08-26 01:25 
https://weibo.cn//u/2903773201,群象之见,男,江西,718,4615,479, 老师这个案子男生的行为一定是违法了吗？,0,2020-08-26 01:22 
https://weibo.cn//u/6286264183,鹿味柒柒的父亲,男,其他,3,90,2,回复@猫泽西:钱到位了,0,2020-08-26 01:17 
https://weibo.cn//u/6286264183,鹿味柒柒的父亲,男,其他,3,90,2,回复@慈一ciyi:而且男生有一只手还不方便,0,2020-08-26 01:17 
https://weibo.cn//u/6286264183,鹿味柒柒的父亲,男,其他,3,90,2,回复@偷了烊烊的喵:是jc的财主啊,0,2020-08-26 01:14 
https://weibo.cn//u/2008131743,阿余伯伯,男,广东,215,257,2538,回复@每天都想偷猫:哈哈哈哈哈哈哈哈确实。。。,0,2020-08-26 01:14 
https://weibo.cn//u/6286264183,鹿味柒柒的父亲,男,其他,3,90,2,回复@肖御医:后面，男生的妈妈说后悔没有给20万了害,1,2020-08-26 01:12 
https://weibo.cn//u/2817689717,TangNi-Luna,女,四川,167,1076,7810,回复@快让我戳一下_:我点进去不予显示 然后我惊了…,0,2020-08-26 01:11 
https://weibo.cn//u/6286264183,鹿味柒柒的父亲,男,其他,3,90,2,粉碎性骨折当天还可以去派出所，最后一句话谁都会说,0,2020-08-26 01:10 
https://weibo.cn//u/5142986012,花七瑛,女,其他,445,599,59,回复@我本来就很man啊:,0,2020-08-26 01:05 
https://weibo.cn//u/1801845502,画画小学生彭彭,女,四川,12887,362,151,鼓励猥亵？,0,2020-08-26 01:03 
https://weibo.cn//rita921,草莓猴,女,重庆,5107,329,591,怎么就是故意伤害了？百思不解,0,2020-08-26 01:02 
https://weibo.cn//u/1791345730,吃完睡睡完吃嘚日子没啥不好,女,福建,5680,369,1319,猥亵者不当场阉了他已经算好的了……居然就这么不痛不痒就算了,0,2020-08-26 00:43 
https://weibo.cn//u/2064975895,我不是颗软柿子,女,河南,9999,488,2898,垃圾,0,2020-08-26 00:43 
https://weibo.cn//u/7388723622,楠先生_三次转生,男,湖南,763,255,11,不要追，打个车给他送回家,0,2020-08-26 00:40 
https://weibo.cn//u/2271530385,蛋筒君的奶包勋,女,江西,12360,1432,2493,回复@是多芬啊:真是一言难尽,0,2020-08-26 00:39 
https://weibo.cn//u/6820802845,同影共舞70741,男,其他,9,17,50,什么鬼，什么警方，被踢的那个什么来头,0,2020-08-26 00:38 
https://weibo.cn//u/3289686390,koi1,男,吉林,91,169,753,看来 别当好人 这句话还是对的 只要不当恶人就行,0,2020-08-26 00:37 
https://weibo.cn//u/1830073710,是多芬啊,女,江西,327,499,697, 呵呵呵,0,2020-08-26 00:36 
https://weibo.cn//u/5334545396,絔铭R,男,河南,121,420,872,真让人心寒,0,2020-08-26 00:31 
https://weibo.cn//u/6787412238,每天都想偷猫,女,海外,160,197,328,回复@阿余伯伯:高考出分前都一直没有惊动他说得呢，敢情每个人都有可能是待宰的羔羊我只能说,0,2020-08-26 00:24 
https://weibo.cn//u/3796702512,LUCKY鹭汀,女,其他,1004,278,205,那老混蛋要20万赔偿，你要是胡某你给赔不赔？老混蛋住院胡家已经付了一万块了，还要怎么样，这种老坏蛋公安机关是要当成宝贝疼啊，是怕大家都去抓坏人见义勇为你们就失业了吗,0,2020-08-26 00:23 
https://weibo.cn//u/5822707984,桥东哥,男,江苏,5,57,3,回复@孙博-扛香锅的猫:只是警方的看法就不用着急吗？类似这样警方的看法落实到你身上，我看你急不急？,0,2020-08-26 00:22 
https://weibo.cn//u/5977610378,昀流众生,女,吉林,382,230,154,回复@一颗超酷的甜豆豆:那💰……咋整,0,2020-08-26 00:19 
https://weibo.cn//u/2834782327,中年闰土1877,男,浙江,592,119,19,回复@用户·89757:让他跑，警察就抓不到（根本不想抓），然后就可以怼网民“你行你上”，不让他跑，警察就把不让他跑的拘起来了。见义勇为？不存在！这样的法律根本就不是现代法律，而是严刑峻法，禁止任何反抗的法家之法！,0,2020-08-26 00:18 
https://weibo.cn//u/7317571275,TXXSYT,男,其他,1012,663,401,公检法理应维护公平正义，维护公序良俗，打击犯罪分子，让人民安居乐业，这是原则问题，公职人员上要对得起党和国家，下要对得起弱势群体，用铁拳坚决打击各类犯罪，助纣为虐迟早会被清算。如此简单的道理难道执法人员也不懂？//,0,2020-08-26 00:16 
https://weibo.cn//u/6035244697,三風-飍飍飍,女,上海,6,159,1124,看见看见某澎湃就知道了不是什么好东西,0,2020-08-26 00:13 
https://weibo.cn//u/5953898097,向阳花开心晴好,女,海南,231,304,95,这不是助长歪风邪气吗？能不能有是非观念啊？警察的思想都不正，怎么为人民伸张正义啊？,1,2020-08-26 00:05 
https://weibo.cn//u/5337293185,种花家De小狮子,女,四川,136,105,101,回复@starbaby-June:我不清楚那个贼，反正残废了在医院住了一段时间，后面也偷不了了，本来是要那个表老姑爷家赔偿，他们赔不起钱，就坐了16年。,0,2020-08-26 00:03 
https://weibo.cn//u/6559301827,炸鸡汉堡棉花糖,女,广东,34,78,14,艹,0,2020-08-26 00:02 
https://weibo.cn//u/6559301827,炸鸡汉堡棉花糖,女,广东,34,78,14,祝你以后被猥亵没人帮哦,0,2020-08-26 00:02 
https://weibo.cn//u/6092335430,微薄管理员plus,男,江苏,0,147,25,永州公安烂了,0,2020-08-26 00:00 
https://weibo.cn//u/6092335430,微薄管理员plus,男,江苏,0,147,25,违反规定，违反了哪条规定不能显示,0,2020-08-25 23:59
https://weibo.cn//u/3477651072,莫失聪聪,男,四川,577,214,164,回复@请随意抹布我本命但要记得艾特我:你可以去看看罗翔老师这个专业认识的看法。他已经很为这个男生开脱了。有过失，定过失，没过失，定意外。男生把他打伤了，是过失。而过失造成的轻伤不负责任。（只是刑事责任没了，估计还有民事责任赔偿。但至少不用留案底，不会影响到入党考公务员进国企等等）,0,2020-08-25 23:56
https://weibo.cn//u/1436271295,润泽东方-Roy,男,山东,2778,2461,739,回复@这个牛-很低迷:你可以追，追到了可以扭松到公安机关，但是在此过程中 小偷受伤了，你要负责任，法律就是这么规定的。,0,2020-08-25 23:54
https://weibo.cn//lj919,马丁阿姨,女,四川,1942,125,144,“在高考出分前一直没有惊动他”—— ？？？,0,2020-08-25 23:49
https://weibo.cn//u/2856729922,氿牧-Jowar,女,江苏,2660,327,397,民事赔偿张口二十万不考虑勒索？这重视程度挺一般啊,0,2020-08-25 23:47
https://weibo.cn//u/7115354256,人生不就图一成狗嘛,女,其他,955,246,36,艹,0,2020-08-25 23:42
https://weibo.cn//u/2181547550,没心情的AKIRA,女,其他,10737,219,218,我想知道，如果是被猥亵的女生追出去几步一脚把他踢骨折了犯不犯法啊,0,2020-08-25 23:39
https://weibo.cn//lan19950919,融合肆玖,男,江苏,3334,283,282,以后碰到就看看,0,2020-08-25 23:38
https://weibo.cn//u/5245302614,Crui3,女,贵州,83,216,82,我吐了,0,2020-08-25 23:37
https://weibo.cn//u/5245302614,Crui3,女,贵州,83,216,82,我她妈 活久见,0,2020-08-25 23:37
https://weibo.cn//u/2181547550,没心情的AKIRA,女,其他,10737,219,218,要是法律能严惩这类猥亵行为，受害者先想到的就会是报警而不是自己动手了,0,2020-08-25 23:36
https://weibo.cn//u/7405031392,雾盛17,女,河南,0,13,2,回复@东方今报:私下调解二十万，不是坐地起价吗？,0,2020-08-25 23:34
https://weibo.cn//u/7404336341,浪子97323,男,其他,0,0,1,以后见义勇为个屁，没那本钱,0,2020-08-25 23:34
https://weibo.cn//u/2212737995,VivienG_,女,四川,39,36,24,回复@吃掉小葡萄:我靠去他🐴的，太恶心了,0,2020-08-25 23:32
https://weibo.cn//u/5669136367,千一a_,男,其他,186,274,148,大家听我说句公道话，以后就直接捅死好了，打不了一命抵一命，这见义勇为之后还吃亏，何苦了有勇气的人，极端呗，来，看谁比谁极端,0,2020-08-25 23:31
https://weibo.cn//u/5669136367,千一a_,男,其他,186,274,148,犯罪嫌疑人逃跑，男同学去追，还不算见义勇为？那么警察追捕过程中造成嫌疑人受伤警察是不是也要赔偿,0,2020-08-25 23:30
https://weibo.cn//u/6301451386,vyvy的厨子,男,其他,63,5,79,回复@围城_72594:只能报警，让执法人员去抓。,0,2020-08-25 23:28
https://weibo.cn//u/6891517505,桥牌一流高手,男,北京,372,697,24,回复@琵琶_BK208:老头活该,0,2020-08-25 23:28
https://weibo.cn//546207646,小沈慧_G,男,西藏,146,74,2,不知道现在的法律是在保护谁，罪犯还是受害者！,0,2020-08-25 23:25
https://weibo.cn//u/3177842713,四月里的晨光,女,四川,463,609,175,     举报             赞[0]         回复             08月25日 23:19 来自网页,0,2020-08-25 23:19
https://weibo.cn//u/2181353857,双叶幼稚园抢饭第一名_,女,其他,134,130,388,回复@这个牛-很低迷:要是在追逐过程中他跳楼跳河跳水沟子死了 你还算故意杀人罪呢 绝了,0,2020-08-25 23:15
https://weibo.cn//u/3851565528,Tayreeed,女,其他,37,118,74,回复@只走胡同小巷:杠人的可是您呢,0,2020-08-25 23:12
https://weibo.cn//u/5145620147,我是幽灵的国王,男,北京,331,77,94,回复@我本来就很man啊:心寒啊,0,2020-08-25 23:10
https://weibo.cn//u/7079069256,_醒着,男,其他,19,185,4,回复@张fy张:你说的有道理,0,2020-08-25 23:08
https://weibo.cn//u/6027905810,这梨不够酸,女,其他,351,300,24,对对对 以后我家里被偷了我还得天天把我家门开开 好让小偷偷 不开门就是对小偷利益上的损失搞不好我是要坐牢的,1,2020-08-25 23:07
https://weibo.cn//u/2697393737,废狗要翻身,女,海外,309,155,142,回复 ,0,2020-08-25 23:07
https://weibo.cn//u/5139508428,一颗红桃_,男,云南,130,243,4354,回复@东方今报:话题不显示了，勒们被撒旦吃了,1,2020-08-25 23:03
https://weibo.cn//u/2819091190,Maleficent减肥记录,女,江苏,489,364,1002,回复@愚者苏鲁支:主要是不太可能没事了,0,2020-08-25 23:01
https://weibo.cn//u/5599840261,Tarcyssss,女,河南,262,429,37,回复@肖御医:给爷看吐了,0,2020-08-25 23:00
https://weibo.cn//u/7376527698,沙尘1114,男,陕西,4,86,1,回复@大胖哥哥的猴子妹妹:,0,2020-08-25 22:59
https://weibo.cn//u/2289826312,gkj-,男,其他,6,310,857,回复@Julia只爱elephant:现在公安公布了，踹了三脚…,0,2020-08-25 22:59
https://weibo.cn//u/5755836965,杨二丫Norah,女,陕西,6,293,104,现在的就是只能说它们的好 不能说它们的坏了,0,2020-08-25 22:57
https://weibo.cn//u/5755836965,杨二丫Norah,女,陕西,6,293,104,回复@大叔喜欢钓鱼:现在的就是只能说它们的好。不能说它们的坏了,0,2020-08-25 22:56
https://weibo.cn//u/7328207206,BessonT,男,其他,23,75,2,回复@我本来就很man啊:上海安检警察利用投诉无门的漏洞捡小姑娘欺负！看我微博！,0,2020-08-25 22:56
https://weibo.cn//u/6024101803,少女之友本友,女,其他,89,340,71,@不是Yaoyao,0,2020-08-25 22:56
https://weibo.cn//u/5832357749,道枝桑桑,女,其他,1,16,68, ,0,2020-08-25 22:56
https://weibo.cn//u/2913192705,Julia只爱elephant,女,其他,8,27,0,回复@东桃花源:看到大家骂你我就放心了,1,2020-08-25 22:54
https://weibo.cn//u/5144477553,锦鲤倾九,女,其他,12,18,1,所以到底该不该见义勇为？扶老人会被讹，见义勇为会被判刑。难道要在大街上看着人晕倒，看着他面临生命危险，看着那些被小偷偷东西的人哭，看着小偷从你面前经过，看着别人猥亵,1,2020-08-25 22:53
https://weibo.cn//zhouweixia1993,JYH的小虾尾_,女,浙江,1717,369,838,????,0,2020-08-25 22:53
https://weibo.cn//u/1751162951,墨田半亩,男,江苏,96,117,81,回复@景区观光者:最近国家一边复查冤案，这边又紧锣密鼓的制造冤案，你们真是繁忙的很,1,2020-08-25 22:51
https://weibo.cn//u/2669244775,茉莉花味香胰子,男,甘肃,74,242,537,回复@兜兜里的肖宝宝:你真的好天真啊!,0,2020-08-25 22:51
https://weibo.cn//u/5417537024,小西娘噫,女,其他,318,379,57,？？？就这 你们是不是在搞笑 不是从小就教育我们见义勇为吗 咋了 落到实处就被抓了？？,0,2020-08-25 22:51
https://weibo.cn//u/2629624290,Nisssssssssss,女,广西,125,300,243,这……,0,2020-08-25 22:50
https://weibo.cn//u/2913192705,Julia只爱elephant,女,其他,8,27,0,回复@gkj-:我相信的，追逐的时候无意伤害，有可能就会粉碎性骨折。法律也要兼顾民俗。他怎么摔得现在还看不到视频，单猥亵犯不止一次作案我们是看到的。,0,2020-08-25 22:49
https://weibo.cn//u/2722988263,大胖哥哥的猴子妹妹,女,黑龙江,1494,619,347,回复@沙尘1114:不，得跪地求他回来,0,2020-08-25 22:48
https://weibo.cn//u/5016182274,乃木心,女,福建,53,149,532,真的太恶心了,0,2020-08-25 22:48
https://weibo.cn//u/5016182274,乃木心,女,福建,53,149,532,魔幻，疫情期间努力建立公信力就这样别毁了,0,2020-08-25 22:47
https://weibo.cn//u/2722988263,大胖哥哥的猴子妹妹,女,黑龙江,1494,619,347,回复@这个牛-很低迷:所以现在依然是，谁受伤了谁就是弱者，甭管这人做了什么。以后的社会该多冷漠,0,2020-08-25 22:46
https://weibo.cn//u/6616152280,多余的小白,女,上海,47,91,8,我想知道那个猥亵罪男的怎么判，不会啥事没有吧,0,2020-08-25 22:44
https://weibo.cn//u/2704680364,starbaby-June,女,上海,298,230,177,回复@种花家De小狮子:无法理解，那贼坐了几年牢？,0,2020-08-25 22:44
https://weibo.cn//u/6616152280,多余的小白,女,上海,47,91,8,那那个猥亵罪的男的怎么处置的，可以断手吗？,0,2020-08-25 22:44
https://weibo.cn//u/2475654565,嘉尔的冰淇淋,男,安徽,3895,277,334,回复@请回答枇杷树:就是啊，感觉法律并不能保护我们普通良民了,0,2020-08-25 22:43
https://weibo.cn//u/1408102170,shao晓萧,男,其他,3,65,0,老百姓都认为是见义勇为，法律说不是？不是法律有问题？还是执法者解读有问题？,1,2020-08-25 22:42
https://weibo.cn//u/2214411262,ZZ嘉OK,女,广东,259,374,455,唉,0,2020-08-25 22:42
https://weibo.cn//u/2214411262,ZZ嘉OK,女,广东,259,374,455,都2020年了，这样的事情真让人心凉,0,2020-08-25 22:42
https://weibo.cn//u/6171490170,兰之芙,女,其他,557,175,21,如果疑犯没有逃跑，胡去踢他，才算是故意伤害，阻止疑犯逃跑还不算见义勇为算什么？让疑犯继续祸害别人吗？,0,2020-08-25 22:41
https://weibo.cn//u/7275422548,豆本豆豆凯1988,女,其他,3,53,1,666,0,2020-08-25 22:41
https://weibo.cn//u/3164774121,Mmmmmmg_,女,内蒙古,46,156,161,害，派出所的都这样，之前我遇到类似情况，根本连调查都没有，最后投诉了给我来了个证据不足无法破案,0,2020-08-25 22:41
https://weibo.cn//u/5746297862,兜兜里的肖宝宝,女,江苏,21,337,2226,回复@茉莉花味香胰子:不是民心所向就是不正义，法外有情，法律是为人民服务的，如果一条法律让大部分人都不支持，那这个法律就没有存在的意义,0,2020-08-25 22:41
https://weibo.cn//u/2956006053,Clw_陳,男,浙江,104,160,114,这太伤人心了，以后看到犯罪嫌疑人群众追还不追？？？？？？？？？？这男孩应该得到社会表扬,1,2020-08-25 22:40
https://weibo.cn//u/7391844475,余周周821812,女,广东,10,94,1,踢死都是轻的。,0,2020-08-25 22:40
https://weibo.cn//u/1662402104,何苦给自己贴标签,女,北京,709,163,322,这都不用想，警察受贿了吧？不然猥亵犯怎么会如此猖狂，警察又如此偏袒，恶意给追犯人的强加罪名?还刑拘，好搞笑啊！,0,2020-08-25 22:39
https://weibo.cn//u/6990511360,蒴成爸爸,男,其他,92,175,82,此判决可写新版拍案惊奇了。,0,2020-08-25 22:39
https://weibo.cn//carling424,邯豆豆,女,四川,731,918,204,先学做个人，才能真的为人民服务,0,2020-08-25 22:38
https://weibo.cn//u/7020957678,欧彧Virs,男,其他,947,94,6,能看下视频吗？,0,2020-08-25 22:38
https://weibo.cn//u/6274421599,夢想起床我啓航78296,男,其他,32,338,41,回复@东方今报:两个人处理结果 能不能都出来， 还有猥琐是一个事情，踢人是另外一个事情，只报道一个事情，是不是引起误会,1,2020-08-25 22:38
https://weibo.cn//u/2543706940,誰is黑曼巴,男,广东,4548,2207,649,完全就是狗腿子  妈的,0,2020-08-25 22:38
https://weibo.cn//u/2473873405,青燕子Teresa,女,广东,350,104,289,以后见义勇为前还要思考自己会不会被刑拘,0,2020-08-25 22:38
https://weibo.cn//u/5325033719,Luv_Letter1,女,辽宁,662,250,196,一天天的净出什么幺蛾子，法律到底是用来保护谁的？,0,2020-08-25 22:38
https://weibo.cn//u/3982775430,泡在螺蛳粉里的一只汪,女,海外,42,397,102,恶心不？,0,2020-08-25 22:37
https://weibo.cn//u/5920437292,一点不可靠,男,其他,850,416,130,你妈，希望上面彻查此事,0,2020-08-25 22:37
https://weibo.cn//u/6093476118,愿精神持续沸腾,女,北京,1258,337,292,构成伤残一级刑拘我倒是没有意见,0,2020-08-25 22:36
https://weibo.cn//u/2191835125,岳哥-007,男,北京,162,279,151,我靠，这～不太对吧！！！,0,2020-08-25 22:36
https://weibo.cn//u/1406114962,海阔天空2011啊,男,上海,1005,227,135,永州警方，真是司法的耻辱,1,2020-08-25 22:36
https://weibo.cn//u/6673101279,BB52315201809,男,其他,0,124,1,该做不做，抚州公安不作为，这边的警察乱作为,0,2020-08-25 22:35
https://weibo.cn//u/7487358043,魔菇曲奇,男,其他,1,6,1,惩善杨恶的警察狗🐶,0,2020-08-25 22:35
https://weibo.cn//u/5746319101,人间小维C,女,山东,5,74,78,下次遇见逃跑的嫌疑人，麻烦给叫辆车,0,2020-08-25 22:35
https://weibo.cn//babyjxf001,西宫太后J,女,海外,5085,566,1726,什么神逻辑……,0,2020-08-25 22:34
https://weibo.cn//u/6673101279,BB52315201809,男,其他,0,124,1,为了一个猥亵女生的死变态坑克一个未来的大学生？什么世界？什么乱七八糟的警察,0,2020-08-25 22:34
https://weibo.cn//u/6465150374,请今天开始请叫我朱饺子,女,广东,9801,224,114,什么叫一直拒绝赔偿，住院费一万不是钱啊？你们警方出于什么原因帮猥亵姑娘的老匹夫讹小孩20万啊？分赃吗？说你们还委屈上了是吧？什么语气啊这？,0,2020-08-25 22:34
https://weibo.cn//u/7286761792,什么什么鱼鱼鱼,女,其他,30,255,2,无语子,0,2020-08-25 22:34
https://weibo.cn//u/1263688843,一蓑煙雨任平泩,男,其他,26,231,69,糊涂官断糊涂案，主审法官应该被撤职,0,2020-08-25 22:34
https://weibo.cn//u/2367214114,植本大淑,女,安徽,841,36,138,大家的意思是 只要你敢做不要脸的事就做好最坏的心理准备,0,2020-08-25 22:34
https://weibo.cn//u/1053054842,古阅是豆丁,男,吉林,2836,419,549,香港法官湖南法官一样一样的,0,2020-08-25 22:33
https://weibo.cn//u/7323764721,蚂蚁渣z,女,其他,227,23,3,看这个好生气吧啦的。这警局是在警告大家以后看见被偷被抢被猥亵的，离远点大声的告诉他请他别猥亵别人然后走开么。什么逻辑。 无语，这是在给这种人开脱自己的罪恶么（这种人就应该直接打残长记性），那那个被猥亵的女孩的心理怎么办，垃圾。,0,2020-08-25 22:33
https://weibo.cn//u/2682123083,藍wan___,女,上海,42,381,1344,反对就行了,0,2020-08-25 22:33
https://weibo.cn//u/6519982469,hywyr119-11Kam,男,广东,140,303,1467,不能制止吗,0,2020-08-25 22:33
https://weibo.cn//u/1263688843,一蓑煙雨任平泩,男,其他,26,231,69,简直荒唐，就算男生把猥亵狂打伤走民事赔偿也就算了，还要判别人刑，还有没有天理又没有王法，以后遇到变态狂还有人敢出手吗？这不是在断案实在扼杀这个社会的良知,0,2020-08-25 22:33
https://weibo.cn//u/7011812872,嗑cp嗑到失眠了,女,其他,906,222,100,破条律，所以好人难做，坏人贻害千年，坏人还有法律保护，好人还被法律惩戒，zstndxh,0,2020-08-25 22:33
https://weibo.cn//u/5545232461,要不A了吧,男,北京,359,92,45,神他妈故意伤害  我佛了,0,2020-08-25 22:32
https://weibo.cn//u/5212179390,开心撕纸,女,福建,2464,174,131,@紫光阁,0,2020-08-25 22:32
https://weibo.cn//u/5642342980,草莓酱图图库,女,辽宁,521,52,179,???,0,2020-08-25 22:32
https://weibo.cn//u/2812833645,Phoebe-Y-M,女,安徽,839,177,237,？？？？？迷惑行为，这咋就不是见义勇为了？和着女的活该被猥亵，还不能让别人反抗了？,0,2020-08-25 22:32
https://weibo.cn//u/2061973402,Abby要有美好心态,女,上海,2563,376,464,这特么什么狗屁法制，意思以后看到坏人都不能追，不能打，要保护好坏人，还有天理么,0,2020-08-25 22:31
https://weibo.cn//u/1696662163,alaalabuku悟猪,男,北京,644,570,212,回复@废狗要翻身:很难界定，你无法断定罪犯是否会二次犯罪，所以侵害终止是不成立，参考粪坑案。,0,2020-08-25 22:31
https://weibo.cn//u/5312445548,有钱能使磨推鬼,男,湖南,164,449,124,回复@这个杀手有点胖:,0,2020-08-25 22:30
https://weibo.cn//u/6126421228,梅雨小轩,男,河南,269,249,76,回复@崽好吃吗:追的时候不能太快，要是小偷摔倒了，帅出问题，你还要赔偿,0,2020-08-25 22:30
https://weibo.cn//u/5510983495,扶玉说诗书,男,福建,720,22,2693,幸好评论里三观都挺正的,0,2020-08-25 22:29
https://weibo.cn//u/5290444354,于大王9407,女,江苏,88,34,101,回复@这个牛-很低迷:是的，生命只有一次，请不要多管闲事,0,2020-08-25 22:29
https://weibo.cn//u/5290969966,小布224,女,其他,49,91,20,不属于,0,2020-08-25 22:29
https://weibo.cn//u/5266083489,Duckew,女,海外,25,445,309,凎这狗屁法律岂不是让见义勇为的人越来越少？？？眼看着犯罪分子逃跑只能追，不能拦你以为这是马拉松比赛看谁跑得快吗？,0,2020-08-25 22:29
https://weibo.cn//u/5947644898,特拉法尔加-泽,女,海外,1,125,576,中国法律真的是只保护罪犯的权利么？,0,2020-08-25 22:29
https://weibo.cn//u/6589025576,你还能更努力一点,男,其他,23,23,13,呵呵，法制社会。,0,2020-08-25 22:29
https://weibo.cn//u/1934916645,sy3155530,男,浙江,245,292,202,我觉得这个公安局得先好好查一下！得深挖！,1,2020-08-25 22:28
https://weibo.cn//u/6336046511,菠菜菜园子,男,河南,47,78,9,什么世道，要被气死了，相关的法律要改改了，怨不得冷漠的人越来越多了，真是好人没好报。,0,2020-08-25 22:28
https://weibo.cn//u/1798325301,西红柿008006,女,辽宁,1591,168,125,服了,0,2020-08-25 22:27
https://weibo.cn//u/5451267057,愣闷呆小唔,女,上海,1751,391,73,有、无语😒,0,2020-08-25 22:27
https://weibo.cn//u/2784264391,_charon_wang,女,其他,80,279,486,雷某是当时哪个出警的警察的爹？,1,2020-08-25 22:27
https://weibo.cn//u/6656468470,伴渔舟唱晚,男,四川,24,19,1,？？？？？？,0,2020-08-25 22:26
https://weibo.cn//u/1655222517,MUM_YuPa,女,四川,32433,757,1606,这种还不是见义勇为？ 难道在旁边看着垃圾猥亵女生？ ,0,2020-08-25 22:26
https://weibo.cn//u/2568077540,Oranshi,男,广东,294,80,76,抚州公安不是嫌人民群众不够优秀帮不上忙吗？永州公安你们怎么回事，这见义勇为的被你们刑拘，你们这是在又打了抚州公安的脸啊。,0,2020-08-25 22:26
https://weibo.cn//u/3833814688,臭屁股的肥妈,女,四川,306,84,84,回复@貔貅爱螭吻:这里面不只是这个犯罪嫌疑人的问题，还有办案经办人员的问题,0,2020-08-25 22:26
https://weibo.cn//u/3753826125,ApersistentG,女,北京,7214,266,256,啊 可是那个人该打啊,0,2020-08-25 22:26
https://weibo.cn//u/5088481131,本德贤木囙,女,山西,3330,251,91,回复@东方今报:哈哈 这真是个操蛋的世界。,0,2020-08-25 22:26
https://weibo.cn//u/1706302197,墨羽成鸦,女,广东,9485,842,412,？？？,0,2020-08-25 22:25
https://weibo.cn//u/3833814688,臭屁股的肥妈,女,四川,306,84,84,这也太随便了吧！不是说和解了吗，那我想请问在案发的时间到他发病的中间不会是自己出了事吧，还有去和解的路上，他如果受伤了能走那么远的路吗？还有当时为什么没说出来？他用什么手签的和解书，这些不需要了解清楚吗？警察为什么不能够提供和解书呢？,0,2020-08-25 22:25
https://weibo.cn//u/5705686389,阿里就是我,男,其他,62,421,1059,回复@这个牛-很低迷:那不是你踢的吗？你抓人可以为什么要施加伤害呢？记住你没有执法权。给人踢坏了你就是犯罪,0,2020-08-25 22:25
https://weibo.cn//u/6313319861,范小胖不哭,女,湖南,52,88,87,回复@阿里就是我:你才是有病，猥亵就不管了，什么时候又说女权了，没有脑子就不要说话,0,2020-08-25 22:25
https://weibo.cn//u/6295542212,统一TW,男,其他,310,232,12,即使不是见义勇为，也是保护女士，有什么嘴甜，当地警方是何居心？为罪犯张目吗？,0,2020-08-25 22:24
https://weibo.cn//u/6474271685,love果儿的主场,女,其他,24,148,68,刑拘是几个意思，以后谁还敢见义勇为！,0,2020-08-25 22:24
https://weibo.cn//u/6991938787,Kalika咕咕咕,女,其他,4,22,5,懂了 以后家里进贼了我要递刀过去,0,2020-08-25 22:24
https://weibo.cn//u/6471935098,很有元气的苏苏ki,女,其他,0,68,3,这种法律 以后再也没有人见义勇为了,0,2020-08-25 22:24
https://weibo.cn//u/6303557823,wuli桐蛋儿,女,其他,73,104,4,这不叫见义勇为这叫什么？吃饱了撑的嘛？,0,2020-08-25 22:24
https://weibo.cn//u/6313319861,范小胖不哭,女,湖南,52,88,87,这也不叫见义勇为，以后谁敢做好事，这就是败坏人心,0,2020-08-25 22:24
https://weibo.cn//u/2950947945,望望和原野,女,福建,492,346,274,呸,0,2020-08-25 22:24
https://weibo.cn//u/5237351685,姑苏如故,女,其他,36,45,3,回复@吃掉小葡萄:强奸肯定是正当防卫的……,0,2020-08-25 22:24
https://weibo.cn//u/5705686389,阿里就是我,男,其他,62,421,1059,评论都是些法盲吗？ 这小年轻明显属于追加伤害，你们举的各种杀人强盗例子都是在转换概念。猥亵和杀人抢劫能一样吗？果然女权太严重了，这世道真是妖风作怪。真正的法理反倒成了驱逐的对象！,0,2020-08-25 22:23
https://weibo.cn//u/7262517214,流到瓜州古渡口,男,其他,51,34,186,我们这个时代不提倡有正义感的行为，各人自扫门前雪，休管他人瓦上霜,0,2020-08-25 22:23
https://weibo.cn//u/3326881082,小蒋_9617,女,新疆,3251,335,78,难道放任猥亵者逃走吗？ 就是见义勇为啊！为什么不是,0,2020-08-25 22:23
https://weibo.cn//u/1949208437,人间混蛋指南,男,山东,192,79,44,回复@景区观光者:每日迷惑,1,2020-08-25 22:23
https://weibo.cn//u/6471935098,很有元气的苏苏ki,女,其他,0,68,3,没想到这是2020年的中国,0,2020-08-25 22:22
https://weibo.cn//u/5362908449,laolsoshishi,女,河北,66,95,84,真的太恶心了，太恶心了。好失望。,0,2020-08-25 22:22
https://weibo.cn//u/3894237723,PamPuluPimPuluPamPopum,女,海外,228,503,70,警察局连个语文好一点的警察都没有吗？声明写成这副狗样子也敢发出来？,0,2020-08-25 22:21
https://weibo.cn//u/5970076589,艾特艾特at,女,福建,6,271,19,？？？有被笑到了,0,2020-08-25 22:21
https://weibo.cn//u/2972299435,迷迷的草莓酱,女,其他,141,48,11, 请高度重视,0,2020-08-25 22:20
https://weibo.cn//u/6501974396,三树之树,女,北京,1,7,1,我要吐了！呕！,0,2020-08-25 22:20
https://weibo.cn//u/1921935190,安夏O小妖,女,重庆,1605,249,187,都不想上班了，明天就去商场找帅帅哒小哥哥猥亵他。就不说要二十万了，两万都行啊，我多猥亵几个还赚了呢,0,2020-08-25 22:20
https://weibo.cn//u/3209623063,肥后,女,辽宁,436,1653,1495,追流氓、打流氓有什么错？流氓在大庭广众就敢骚扰女孩子，不打他、还让他继续做恶吗？没有流氓调戏女生，怎么会挨打的事。打的好，不能让坏人猖狂、好人受伤害。,0,2020-08-25 22:19
https://weibo.cn//u/6564499845,陈曦轩2,男,其他,0,89,5,回复@AfricanCats:但是至今警察也没有对猥亵者有任何处理。,0,2020-08-25 22:18
https://weibo.cn//u/6186906601,未来更好啦啦,男,陕西,11,66,7,那什么才算见义勇为？,0,2020-08-25 22:18
https://weibo.cn//u/6499392268,黑色潜水艇司机,男,海外,0,157,21,如果色魔摸得是警察他妈，他老婆，他女儿呢？,0,2020-08-25 22:17
https://weibo.cn//u/3201957810,正儿八经女大学生,女,其他,1595,42,133,照这样谁还去见义勇为，这不是寒了好人心吗？,0,2020-08-25 22:17
https://weibo.cn//u/3700853857,墨迹-莫记,男,浙江,1539,464,144,当警察的都是些什么“人物”？,0,2020-08-25 22:17
https://weibo.cn//u/7203591095,陈丽娜NaYa,女,其他,1,70,2,都这样的话  那大街上岂不是猥亵犯  小偷横行？？,0,2020-08-25 22:17
https://weibo.cn//u/7465877601,种花家的人民从此站起来了,男,广东,42,41,7,让人心寒啊,0,2020-08-25 22:16
https://weibo.cn//u/5359829058,笑醉不醉逍遥侯,男,广东,27,290,200,醉了醉了这他妈什么社会,0,2020-08-25 22:16
https://weibo.cn//u/7419414131,如梦令鸥鹭,女,山东,188,163,31,就是见义勇为,0,2020-08-25 22:16
https://weibo.cn//u/6564499845,陈曦轩2,男,其他,0,89,5,违反了治安管理处罚法的违法行为，然后那？？？然后就没有了？？也没有对猥亵男任何处理？？是怎么鉴定出来的一级轻伤？在哪鉴定的？如何证明是有直接联系的？？全凭一张嘴？,0,2020-08-25 22:16
https://weibo.cn//xinhuait,火星大鲨鱼,男,北京,633,344,687,查查雷某家庭在当地什么背景？,1,2020-08-25 22:15
https://weibo.cn//u/5688043988,叫什么不用想,女,海外,139,181,60,恶心,0,2020-08-25 22:15
https://weibo.cn//u/5536552101,您好世界活着就是等待,男,广东,347,54,2,该受到惩罚的是作恶者！警察的是非观去哪了,0,2020-08-25 22:15
https://weibo.cn//u/6906051433,夏日天深蓝,男,其他,11,109,1,帮助抓住逃跑的嫌疑人不叫见义勇为？你们的法制意见可真独特,0,2020-08-25 22:15
https://weibo.cn//u/6375804902,什么样的小饼干,女,山东,4,24,5,去你🐴 的故意伤害,0,2020-08-25 22:14
https://weibo.cn//u/6989568295,李铭熊,男,其他,14,66,1,这年头还真是谁惨谁有理啊，一个小姑娘一生清誉，和猥亵犯一生下雨会疼的手臂，比输了。   这姑娘还得心大，放以前好像人家会做出更可怕的选择吧,0,2020-08-25 22:14
https://weibo.cn//u/6375804902,什么样的小饼干,女,山东,4,24,5,啊这…,0,2020-08-25 22:14
https://weibo.cn//u/1462901327,派大星的肚子比我小,女,北京,1084,117,76,为什么！！？？,0,2020-08-25 22:14
https://weibo.cn//u/6632527846,今朝越前,女,山东,268,74,3,回复@由诩意:我感觉你这个判断也不严谨呀，万一男同学是在和猥琐男争斗时，或者是在制服过程中为了保护自己呢？这算不算正当防卫呢？！,1,2020-08-25 22:13
https://weibo.cn//u/5968999330,skraura,女,其他,1910,542,115,@噗哩才不是老猫咪,0,2020-08-25 22:13
https://weibo.cn//u/7348842743,最佳男配角乐乐,男,北京,94,103,25,粉碎性骨折，这种追击也透着深深地冷血和暴力。撑警察，做得好。一提到猥亵，某些女权和西方势力就GC了，猥亵与否尚在调查取证看监控阶段，你跑过去把人打成粉碎性骨折，你不是报复社会么？支持给这种人刑拘，终身留下记录！,0,2020-08-25 22:13
https://weibo.cn//u/5132663240,加油了小李子,女,湖北,194,1106,273,警察也是牛逼！怕是他们自己都是不是什么好东西！,0,2020-08-25 22:13
https://weibo.cn//u/6906051433,夏日天深蓝,男,其他,11,109,1,应该把衣服脱了请他摸,0,2020-08-25 22:12
https://weibo.cn//u/1953934365,洪什么好呢,男,广东,3796,171,706,什么东西？？？就算不是见义勇为，也不至于是刑拘吧？？？     举报             赞[0]         回复             08月25日 22:08 来自网页,0,2020-08-25 22:08
https://weibo.cn//u/3085956203,咕噜呆酱,女,上海,38,44,160,女生告猥亵者要求赔偿20W，这事就好办了。,0,2020-08-25 22:08
https://weibo.cn//u/6931507526,2020发家致富奔小康,女,其他,174,217,1,回复@这个牛-很低迷:要赔 如果小偷在你家偷东西 因为你的问题出意外 赔钱,0,2020-08-25 22:08
https://weibo.cn//u/1951322430,hhiuyhh,男,北京,39,119,1371,各扫门前雪，休管他人瓦上霜，自己平安就好。,0,2020-08-25 22:07
https://weibo.cn//u/6087575275,想有一只看不见的手,男,山东,34,114,42,回复@这个牛-很低迷:这就是紧急避险嘛爱了爱了,0,2020-08-25 22:07
https://weibo.cn//u/5699440748,似是你眸里的星光,女,其他,187,83,88,这个评判，恕我孤陋寡闻,0,2020-08-25 22:07
https://weibo.cn//u/6660888000,真的是宅女呀,女,海外,0,17,1,哈哈哈哈哈哈哈 要被我们的法制笑死了,0,2020-08-25 22:07
https://weibo.cn//u/5493090284,大爱女神就是我,女,其他,160,264,90,如果这种情况，警察将人踹伤可以不😳？,0,2020-08-25 22:06
https://weibo.cn//u/1863642274,陈庆Zoe,女,广东,880,340,393,猥琐罪够明显了吧,0,2020-08-25 22:05
https://weibo.cn//375477533,littlefox_HU,女,贵州,678,165,606,废话是我我也故意踢啊！你家女孩被猥亵，这人跑了你不踢？,0,2020-08-25 22:04
https://weibo.cn//u/5348566806,一言吾白,男,陕西,100,98,46,见义勇为者-1,0,2020-08-25 22:04
https://weibo.cn//u/6017148560,9yN7,男,浙江,17,233,30,回复@我本来就很man啊:不是所有的警察都值得被叫做警察的,0,2020-08-25 22:04
https://weibo.cn//473446679,俞兴东,男,江苏,96,100,312,回复@Kitty婷猫小姐:人生艰难,0,2020-08-25 22:04
https://weibo.cn//u/6017148560,9yN7,男,浙江,17,233,30,回复@我本来就很man啊:垃圾警察，吃撑了想找点事干,0,2020-08-25 22:04
https://weibo.cn//473446679,俞兴东,男,江苏,96,100,312,回复@喂_干哈呢:批评教育一下就好了哇,0,2020-08-25 22:03
https://weibo.cn//u/2695459307,我总是一个人zai练习一个人,男,河南,3415,1178,1298,呵呵,0,2020-08-25 22:03
https://weibo.cn//u/6248309269,golgo_san,男,广东,798,351,129,犯罪天堂,0,2020-08-25 22:02
https://weibo.cn//u/5675043862,猪猪式茫然,男,上海,114,105,46,回复@来世想当猫:不是这和女朋友也没啥关系鸭，一起出来逛gai，然后女性朋友被猥亵了，这是个青年男孩就会帮吧,0,2020-08-25 22:02
https://weibo.cn//473446679,俞兴东,男,江苏,96,100,312,回复@肖御医:见解独到,0,2020-08-25 22:02
https://weibo.cn//473446679,俞兴东,男,江苏,96,100,312,回复@大叔喜欢钓鱼:因为被猥亵的不是他女儿，也不他老婆,3,2020-08-25 22:01
https://weibo.cn//u/6640549118,子凌卿酒,女,安徽,7,138,15,现在怎么帮助别人都是犯法了是嘛，还怪什么世风日下，人心不古，好人没好报了现在,0,2020-08-25 22:01
https://weibo.cn//626851357,Cosmo_K,男,辽宁,1520,406,1444,很明显，色魔是有背景的，不能说背景有多大，但至少能证明色魔的背景比见义勇为的英雄大的多,0,2020-08-25 22:01
https://weibo.cn//u/3183522803,西元烟雨,女,山东,477,243,95,我们老板拖欠工资跟社保，员工围住老板，警察说限制人身自由是犯法的，然后仲裁跟法院都判决老板赔付工资，法院通知我们说法院找不到人没法执行，让我们自己去找,1,2020-08-25 22:01
https://weibo.cn//473446679,俞兴东,男,江苏,96,100,312,回复@扣扣睡醒了:我天朝法度自然森严,0,2020-08-25 22:00
https://weibo.cn//u/3664516302,港珠澳小喬-,女,海外,48,160,47,以后坏人办事是不是就无法无天了？？？真是无jb语,0,2020-08-25 22:00
https://weibo.cn//u/5186367174,嗜血九尾爱喵喵,女,其他,340,664,108,男生没有错,0,2020-08-25 22:00
https://weibo.cn//473446679,俞兴东,男,江苏,96,100,312,回复@用户·89757:机智如你，这个思想到位,0,2020-08-25 22:00
https://weibo.cn//473446679,俞兴东,男,江苏,96,100,312,回复@这个牛-很低迷:对滴，理解到位,0,2020-08-25 21:59
https://weibo.cn//u/3477651072,莫失聪聪,男,四川,577,214,164,回复@暴躁跳跳虎_:不了解法律，还只会认为法律只保护坏人。唉，有空在这吵还不如多看点书,0,2020-08-25 21:59
https://weibo.cn//u/1840211512,AI酱啦,女,其他,942,613,632,我真的理解不了，以后谁还敢见义勇为,0,2020-08-25 21:59
https://weibo.cn//u/1842950184,风一吹就油了,女,四川,1231,590,400,艹,0,2020-08-25 21:58
https://weibo.cn//u/6048046188,等待小冲冲,女,安徽,3581,497,570,每日一问：老人摔倒是服还是不服？,1,2020-08-25 21:58
https://weibo.cn//u/3764676551,小素子子,女,浙江,74,301,189,回复@吃掉小葡萄:好像一判是死刑吧？这不是笑话吧，好像是真的吧？,0,2020-08-25 21:57
https://weibo.cn//210006743,温油小可爱-,女,浙江,507,211,684,建议把警察女性家属摸个遍跑路，还能赚个几十万,0,2020-08-25 21:57
https://weibo.cn//u/5369117176,木子-璇儿,女,其他,280,74,81,     举报             赞[0]         回复             08月25日 21:57 来自网页,0,2020-08-25 21:57
https://weibo.cn//u/7183380582,繁华笙歌落199311,男,其他,2,15,1,回复@朱砂的新小窝:,0,2020-08-25 21:57
https://weibo.cn//u/6634289083,生姜yo,女,安徽,192,162,37,.......,0,2020-08-25 21:57
https://weibo.cn//u/5675043862,猪猪式茫然,男,上海,114,105,46,回复@AfricanCats:拜托🙏大哥，没看清楚事情经过就开始拿法律说话啦？？那猥亵男被抓当天还好好的从警察局出来，6天后被查出粉碎性骨折？我就想问问粉碎性骨折是当时感觉不出来还是那男的身体素质好啊？更严重的伤害行为您张口就来了？连监控都不知道那男的怎么受伤的，您就知道是那男孩对猥亵男进行了伤害行为了？,6,2020-08-25 21:56
https://weibo.cn//u/7259772216,像鱼201405,女,河南,305,1491,24,呵呵,0,2020-08-25 21:56
https://weibo.cn//u/3203442870,猫奴小南,女,黑龙江,5574,642,128,呵呵，猥亵男什么来头？八成有后台吧！,0,2020-08-25 21:56
https://weibo.cn//u/6971726130,日村勇紀,男,其他,422,97,2448,回复@1142久久:能这样干不是法律有空子吗,0,2020-08-25 21:55
https://weibo.cn//u/1996039591,我叫_路小路,女,湖南,216,97,273,那属于什么？？故意伤害？？吐了,0,2020-08-25 21:55
https://weibo.cn//u/2238689925,淮尚书童,男,安徽,3111,696,744,这是处罚 谁敢见义勇为？啊 你们这些警察想过处理后影响多严重？,0,2020-08-25 21:55
https://weibo.cn//u/6067984565,ML-三岁小可爱,女,北京,344,44,64,这样真的寒了好人的心,0,2020-08-25 21:54
https://weibo.cn//u/5327005023,瑣cp,女,河南,2918,129,169,特么的神经病,0,2020-08-25 21:54
https://weibo.cn//u/5737869905,欧买噶哇噻撕,女,海外,1342,1727,530,麻木不仁//,0,2020-08-25 21:54
https://weibo.cn//u/5501281969,方觉晓dm,男,山东,2144,508,103,回复@这个牛-很低迷:对,0,2020-08-25 21:53
https://weibo.cn//u/3183522803,西元烟雨,女,山东,477,243,95,逃跑不能追不能抓，还得清出道路让对方安全的逃跑，要不然磕了碰了还要追责，罪犯真是宝宝呀，疼着爱着的,0,2020-08-25 21:53
https://weibo.cn//u/5374889870,热可可本可,女,山东,3238,1121,53,回复@愚者苏鲁支:对他影响真的太大了。哎。,1,2020-08-25 21:53
https://weibo.cn//u/6349246012,Anna82955,男,其他,108,802,44,狗官脑子是浆糊吗？,0,2020-08-25 21:53
