,Unnamed: 0,评论者主页,评论者昵称,评论者性别,评论者所在地,评论者微博数,评论者关注数,评论者粉丝数,评论内容,评论获赞数,评论发布时间,senta_sentiments
0,0,https://weibo.cn//dfjb,东方今报,女,河南,76756,1106,7476608,【最新进展｜,53,2020-08-25 09:24,positive
1,1,https://weibo.cn//dfjb,东方今报,女,河南,76756,1106,7476607,【最新消息｜踹伤猥亵男男生被解除刑拘，父亲：26日凌晨到家今天吃团圆饭】,25,2020-08-26 10:46 ,negative
2,2,https://weibo.cn//u/6864148930,悄悄问龙哥宇儿美不美,女,福建,1498,153,35,“胡某见义勇为是事实，不管出于什么原因，雷某猥亵不是故意，难道是无意的吗？”永州警方要有这个想法也不至于被操成这个鬼样还一直在那刷屏,4566,2020-08-24 23:34,negative
3,3,https://weibo.cn//u/2816564641,烫手的发条,女,江苏,7324,2117,1194,回复@先秦之始秦末之初:,0,2020-08-26 22:27,negative
4,4,https://weibo.cn//u/2144632660,先秦之始秦末之初,女,天津,354,113,106,回复 ,0,2020-08-26 22:13,positive
5,5,https://weibo.cn//u/2816564641,烫手的发条,女,江苏,7324,2117,1194,回复@先秦之始秦末之初:就是一些情况会让人想不到呀，要是都像你能这么冷静分析，被讹诈的人会少一些，就是有时候真的无法进行严谨的思考再去做一些事，网友的心愿也都很简单叭，坏人受到惩罚,0,2020-08-26 22:05,positive
6,6,https://weibo.cn//u/2144632660,先秦之始秦末之初,女,天津,354,113,106,回复 ,0,2020-08-26 22:02,positive
7,7,https://weibo.cn//u/2144632660,先秦之始秦末之初,女,天津,354,113,106,回复 ,0,2020-08-26 22:01,positive
8,8,https://weibo.cn//u/2816564641,烫手的发条,女,江苏,7324,2117,1194,回复@先秦之始秦末之初:都希望遇到坏人或者遇到困难有人能帮自己一把，怕如果跟以前的案子一样被误判，好人被讹诈，出了事都冷眼旁观再也没有人帮助别人了，所以希望警察和有关单位能好好查清楚再决定是否处罚拘留，而不是没有调查清楚就直接拘留，对于社会的蛀虫都能严惩，而不是让他们有空子可钻，唉！,0,2020-08-26 22:00,negative
9,9,https://weibo.cn//u/2816564641,烫手的发条,女,江苏,7324,2117,1194,回复@先秦之始秦末之初:大家都很气警察不分青红皂白就抓人语气还那么牛掰，就是懒政。,0,2020-08-26 21:55,negative
10,10,https://weibo.cn//u/2816564641,烫手的发条,女,江苏,7324,2117,1194,回复@先秦之始秦末之初:,0,2020-08-26 21:53,negative
11,11,https://weibo.cn//u/2144632660,先秦之始秦末之初,女,天津,354,113,106,回复 ,0,2020-08-26 21:52,positive
12,12,https://weibo.cn//u/2816564641,烫手的发条,女,江苏,7324,2117,1194,回复@先秦之始秦末之初:你这次说的挺全面，当场的情况我们并不知道，但本来双方已经和解过了，老头却马后炮去举报，警察就抓人拘留了，这是警察对这件事处理最无法忍受的地方。,0,2020-08-26 21:43 ,negative
13,13,https://weibo.cn//u/2144632660,先秦之始秦末之初,女,天津,354,113,106,回复 ,0,2020-08-26 21:36 ,positive
14,14,https://weibo.cn//u/2816564641,烫手的发条,女,江苏,7324,2117,1194,回复@YANGenius丶:他们因为双方当时没有大碍，女生也检查了身体，赔偿了三百老头承认了猥亵事实就和解了，当时双方是已经和解的，甚至写了和解书，但时隔这么久，半个月二十天？仅凭老头单方面轻伤证明一口咬定是当时胡同学打的，就直接抓人了，法律确实是法律，但抓人也讲究证据，警察们这么轻易就拘留了胡同学，不妥吧,0,2020-08-26 21:34 ,negative
15,15,https://weibo.cn//u/2816564641,烫手的发条,女,江苏,7324,2117,1194,回复@先秦之始秦末之初:无罪释放我确定没说,2,2020-08-26 21:32 ,negative
16,16,https://weibo.cn//u/2816564641,烫手的发条,女,江苏,7324,2117,1194,回复@先秦之始秦末之初:你有观点是对的，但是也对事，有的情况确实没法慢慢地等警察处理呀……这人被男生叫住了吓得万一要跑呢？指望女生去追也不行吧。,0,2020-08-26 21:29 ,negative
17,17,https://weibo.cn//u/2144632660,先秦之始秦末之初,女,天津,354,113,106,回复 ,0,2020-08-26 21:23 ,positive
18,18,https://weibo.cn//u/2816564641,烫手的发条,女,江苏,7324,2117,1194,回复@先秦之始秦末之初:拜托，你一口一个法律，自己却非要认为别人是报复行为。还有，你是我肚子里的蛔虫吗？我没讲无罪释放，难道不该放吗？还让拘着？,2,2020-08-26 21:12 ,negative
19,19,https://weibo.cn//u/2863001282,小傑zsj,男,福建,0,25,85,回复@先秦之始秦末之初:,0,2020-08-26 20:48 ,negative
20,20,https://weibo.cn//u/2144632660,先秦之始秦末之初,女,天津,354,113,106,回复 ,0,2020-08-26 20:45 ,positive
21,21,https://weibo.cn//u/2863001282,小傑zsj,男,福建,0,25,85,回复@先秦之始秦末之初:,0,2020-08-26 20:39 ,negative
22,22,https://weibo.cn//u/2144632660,先秦之始秦末之初,女,天津,354,113,106,回复 ,0,2020-08-26 20:37 ,positive
23,23,https://weibo.cn//u/5320967397,神绮175,女,其他,344,668,35,能走医保的什么骨科手术能20万？？这么横，怕不是有什么背景哦,0,2020-08-26 20:31 ,negative
24,24,https://weibo.cn//u/2863001282,小傑zsj,男,福建,0,25,85,回复@先秦之始秦末之初:,0,2020-08-26 20:30 ,negative
25,25,https://weibo.cn//u/2863001282,小傑zsj,男,福建,0,25,85,回复@YANGenius丶:你官方的回复也有问题啊，什么叫毕竟人是因为你受伤？你潜台词是不是意味着以后碰到施暴者尽量避免让他受伤？然后现在受伤，你为什么要按刑事标准走？,0,2020-08-26 20:28 ,negative
26,26,https://weibo.cn//u/2144632660,先秦之始秦末之初,女,天津,354,113,106,回复 ,0,2020-08-26 20:26 ,positive
27,27,https://weibo.cn//u/2863001282,小傑zsj,男,福建,0,25,85,回复@YANGenius丶:,0,2020-08-26 20:26 ,positive
28,28,https://weibo.cn//u/2863001282,小傑zsj,男,福建,0,25,85,回复@YANGenius丶:问题是在于，你这不是在于主观上的殴打和发泄啊。不然我要控制力度？如果是这样那看戏就好了。一个本身就有犯罪倾向的人，你为什么要把主动权放在保安和打电话给警察身上呢？,0,2020-08-26 20:23 ,negative
29,29,https://weibo.cn//u/2144632660,先秦之始秦末之初,女,天津,354,113,106,回复 ,0,2020-08-26 20:22 ,positive
30,30,https://weibo.cn//u/6095084358,YANGenius丶,男,四川,57,172,70,回复@烫手的发条:这是法律的问题 不是警察的问题啊 警察也是依法办事啊 那几个警察只负责接到报案出警 求你们了 不懂的话就别在这骂人了 好吗？,1,2020-08-26 20:20 ,negative
31,31,https://weibo.cn//u/3915021517,何立国34,男,广东,5478,5093,366,回复 ,1,2020-08-26 20:15 ,positive
32,32,https://weibo.cn//u/2863001282,小傑zsj,男,福建,0,25,85,回复@先秦之始秦末之初:,0,2020-08-26 20:12 ,negative
33,33,https://weibo.cn//u/5668133936,品11241527,男,其他,48,117,52,我想问司法公正在哪体现，这个时候，检察院不应该出现对案件进行监督吗？,0,2020-08-26 19:57 ,negative
34,34,https://weibo.cn//u/2863001282,小傑zsj,男,福建,0,25,85,回复@三叠酒吖:😂 我也碰到过。被男的蹭。,0,2020-08-26 18:13 ,negative
35,35,https://weibo.cn//u/5803103774,左眼观股市,男,山东,3211,25,166,我想问一下，不要说一脚，就是十脚，能粉碎性骨折吗？？？粉碎性骨折至少要用过硬的东西砸的吧?,0,2020-08-26 17:59 ,negative
36,36,https://weibo.cn//u/3358086530,凌枫枫枫乂,男,陕西,1191,257,49,每日一问:今天深圳新员工入职被qj案有进展了吗,0,2020-08-26 17:40 ,negative
37,37,https://weibo.cn//u/1249007781,晴天娃娃的微博,女,四川,250,403,272,六月初的事情现在才在舆论关注下被大家知道，胡同学和他们家人这三个月经历了什么？可想而知！还有，真是搞不懂这些老变态用手肘去碰一下小姑娘的身体就特么的很爽吗！,0,2020-08-26 17:31 ,negative
38,38,https://weibo.cn//u/3228384083,球球爱GD,女,江苏,3621,373,1516,这逻辑  服了,0,2020-08-26 17:20 ,negative
39,39,https://weibo.cn//u/6116271638,听雨观其妙6116271638,女,贵州,7,23,4,回复@easymoneybot:nt眼瞎了？监控那么明显还为那老人洗地，我看你才是那老人的情人好吧,0,2020-08-26 17:08 ,negative
40,40,https://weibo.cn//u/6296252800,我怎么就想不到一个可用的昵称呢,男,江西,16,59,7,派出所民警说：“不管出于什么原因，（犯罪人）雷某身上受到两处轻伤是事实”。这句话能不能再无理点,0,2020-08-26 16:55 ,negative
41,41,https://weibo.cn//u/2144632660,先秦之始秦末之初,女,天津,354,113,106,回复 ,0,2020-08-26 15:56 ,positive
42,42,https://weibo.cn//u/7161983290,·Jennierubyjane,女,其他,237,47,49,回复@5rkure:？？？？？？,0,2020-08-26 15:50 ,negative
43,43,https://weibo.cn//u/2816564641,烫手的发条,女,江苏,7324,2117,1194,回复@先秦之始秦末之初:先把评论里所有人都教一遍吧，过过瘾,0,2020-08-26 15:48 ,negative
44,44,https://weibo.cn//u/2816564641,烫手的发条,女,江苏,7324,2117,1194,回复@先秦之始秦末之初:,0,2020-08-26 15:47 ,negative
45,45,https://weibo.cn//u/2816564641,烫手的发条,女,江苏,7324,2117,1194,回复@先秦之始秦末之初:对呀，所以凭什么你要在这里说教呢,0,2020-08-26 15:45 ,negative
46,46,https://weibo.cn//u/5180841458,磕磕糖机器,女,江西,8718,214,80,恶心,0,2020-08-26 15:42 ,negative
47,47,https://weibo.cn//u/7274688889,柿子xianer,女,河北,2595,728,27,气死,0,2020-08-26 15:33 ,negative
48,48,https://weibo.cn//u/2119495602,西部牛角-牛角梳专卖,男,广西,764,254,160,"""不管你信不信，反正我信了""",0,2020-08-26 15:17 ,negative
49,49,https://weibo.cn//u/5239488638,偷心的莹贼,女,四川,638,356,36,回复@easymoneybot:你没有🐴 是事实,0,2020-08-26 15:11 ,negative
50,50,https://weibo.cn//xdsecret,阮袂芷,女,北京,5184,1354,438,不是踢脚吗，怎么手上也打了钢板,0,2020-08-26 15:04 ,negative
51,51,https://weibo.cn//u/2144632660,先秦之始秦末之初,女,天津,354,113,106,回复 ,0,2020-08-26 14:41 ,positive
52,52,https://weibo.cn//u/2816564641,烫手的发条,女,江苏,7324,2117,1194,回复@先秦之始秦末之初:你的话拿去线下教育孩子可以，教他们衡量做事带来的后果，但教育网友，不行。,0,2020-08-26 14:18 ,negative
53,53,https://weibo.cn//u/6064419701,兮瑾81463,女,其他,66,118,3,我要是那个女生，我宁可打死他坐一辈子牢也不让他活着，MD，50几岁的老男人猥亵十几岁的小姑娘，被发现了还能讹别人二十万，恶不恶心，要不要脸，这么不要脸应该不是第一次也不可能是最后一次，这种人被打残了那也太轻了,0,2020-08-26 14:04 ,negative
54,54,https://weibo.cn//u/2144632660,先秦之始秦末之初,女,天津,354,113,106,回复 ,0,2020-08-26 14:02 ,positive
55,55,https://weibo.cn//u/3129608413,拥抱future的女孩,女,江苏,119,60,129,回复@超跑小狗:不是一般的恶心，还戏笑(冷笑）着说这话，一副，你们问我这个问题，不觉得很搞笑嘛～,1,2020-08-26 13:56 ,negative
56,56,https://weibo.cn//u/2816564641,烫手的发条,女,江苏,7324,2117,1194,回复@先秦之始秦末之初:你也没有厉害到哪里去嘛，就是在微博里跟我们这种嘴嗨的吃瓜群众嘚啵嘚嘛,0,2020-08-26 13:47 ,negative
57,57,https://weibo.cn//u/2816564641,烫手的发条,女,江苏,7324,2117,1194,回复@先秦之始秦末之初:你都知道是嘴嗨了还在这里劲儿劲儿的是不是脑子不好使,0,2020-08-26 13:46 ,negative
58,58,https://weibo.cn//u/2816564641,烫手的发条,女,江苏,7324,2117,1194,回复@先秦之始秦末之初:这件事好用就行咯,0,2020-08-26 13:45 ,positive
59,59,https://weibo.cn//u/7167880070,5rkure,女,其他,138,200,33, 气死人,0,2020-08-26 13:21 ,negative
60,60,https://weibo.cn//u/2144632660,先秦之始秦末之初,女,天津,354,113,106,回复 ,0,2020-08-26 13:17 ,positive
61,61,https://weibo.cn//u/2144632660,先秦之始秦末之初,女,天津,354,113,106,回复 ,0,2020-08-26 13:13 ,positive
62,62,https://weibo.cn//u/2936613730,抠鼻的银桑lbh,男,其他,1391,87,236,回复@都怪世界啊:还得安抚情绪照顾好，不然心脏病或者中风了可能还得你赔钱,0,2020-08-26 13:11 ,negative
63,63,https://weibo.cn//u/5659232243,争做2020最快乐的猪,女,其他,112,356,173,普通社会人员个p!建议调查一下这个黄警官 好像还是个高考200分降分录取警察,0,2020-08-26 13:07 ,negative
64,64,https://weibo.cn//u/5659232243,争做2020最快乐的猪,女,其他,112,356,173,建议查查这个黄警官,0,2020-08-26 13:03 ,negative
65,65,https://weibo.cn//u/5823237768,狮小弟-,男,其他,2162,161,105,这人好不要脸，就是故意打的啊，谁没事无缘无故打人啊！猥亵不能打？,0,2020-08-26 13:02 ,negative
66,66,https://weibo.cn//u/2451547540,小醉-立志做条好咸鱼,女,广东,1430,237,98,回复@可爱又迷人的正面角色海绵宝宝:你走路上他没对你实施骚扰或违法犯罪就不行啊……我是以这案件为前提，男子猥亵女孩已经是事实，对女孩造成了伤害的前提下……断章取义是不可取的。,0,2020-08-26 12:57 ,negative
67,67,https://weibo.cn//u/2863001282,小傑zsj,男,福建,0,25,85,回复@冷眼旁观察:你是脑袋被门夹了吧，人身攻击我也会。自己老婆被人猥亵了再来讲法官吧,0,2020-08-26 12:48 ,negative
68,68,https://weibo.cn//u/2863001282,小傑zsj,男,福建,0,25,85,回复@冷眼旁观察:这是盯着媳妇看嘛？你在逗我呢？,0,2020-08-26 12:47 ,negative
69,69,https://weibo.cn//u/5841819780,冷眼旁观察,男,北京,0,124,368,回复@小傑zsj:不跟没脑子的人说话，你去找法官理论吧,0,2020-08-26 12:47 ,negative
70,70,https://weibo.cn//u/5841819780,冷眼旁观察,男,北京,0,124,368,回复@小傑zsj:耍不耍不是你在这说的，你不能因为别人盯着你媳妇看，就上去打个残废。,0,2020-08-26 12:46 ,negative
71,71,https://weibo.cn//u/2525106504,宝贝兔宝宝,女,福建,3,14,20,这警察讲话很搞笑啊，什么叫他不是故意，难道还是无意的，作为人民警察这话能这样说啊，你对得起你当警察的职业吗,0,2020-08-26 12:45 ,negative
72,72,https://weibo.cn//u/2863001282,小傑zsj,男,福建,0,25,85,回复@冷眼旁观察:你搁这讲不就是耍流氓？意思是要不停做手部运动？,0,2020-08-26 12:45 ,negative
73,73,https://weibo.cn//u/1489276625,菊佑京,男,天津,612,36,41,活该！打死BK都不过分，伤了活该！,0,2020-08-26 12:43 ,negative
74,74,https://weibo.cn//u/5764060095,諼草-,女,广西,689,259,382,我就没见哪个听讲这个事的民众同情老流氓的。撤销刑拘人男孩子。,0,2020-08-26 12:42 ,negative
75,75,https://weibo.cn//u/3220854694,H16PB7,女,其他,4,103,39,回复@easymoneybot:你怕是也想朝淫贼老头发展吧,1,2020-08-26 12:37 ,negative
76,76,https://weibo.cn//u/2816564641,烫手的发条,女,江苏,7324,2117,1194,回复@先秦之始秦末之初:根据视频我就理解为合理的阻拦扭送，打不打脸的，人都放出来了你自己心里没数吗,0,2020-08-26 12:37 ,negative
77,77,https://weibo.cn//u/2816564641,烫手的发条,女,江苏,7324,2117,1194,回复@先秦之始秦末之初:你在现场吗？知道的这么清楚，那你别跟我讲，去跟警察讲,0,2020-08-26 12:35 ,negative
78,78,https://weibo.cn//u/5841819780,冷眼旁观察,男,北京,0,124,368,回复@小傑zsj:你的意思是当着保安的面还有猥亵行为？ 照你说的，为杀人犯做无罪辩护的律师，旁观的民众都是冷血动物了,0,2020-08-26 12:35 ,negative
79,79,https://weibo.cn//u/2863001282,小傑zsj,男,福建,0,25,85,回复@冷眼旁观察:你搁着讲违法行为停止不扯皮？碰个胸意思是我要来个胸部按摩手部运动？第三方介入你就可以看戏了？,0,2020-08-26 12:32 ,negative
80,80,https://weibo.cn//u/2816564641,烫手的发条,女,江苏,7324,2117,1194,回复@先秦之始秦末之初:你理解为反击是你的理解，别人理解为阻拦是别人的理解，视频里没有把他腿打断哦，也没有暴揍他哦，他当时是好好的几天后才阴魂不散搞事情,0,2020-08-26 12:32 ,negative
81,81,https://weibo.cn//u/5529153132,-甜甜莓茶醉-,女,其他,105,144,4,回复@烫手的发条:被打死才最好哦,0,2020-08-26 12:29 ,negative
82,82,https://weibo.cn//u/2816564641,烫手的发条,女,江苏,7324,2117,1194,回复@先秦之始秦末之初:你开心就好，祝你好运,0,2020-08-26 12:29 ,negative
83,83,https://weibo.cn//u/5841819780,冷眼旁观察,男,北京,0,124,368,回复@淘吉:？？你这么说倒是更直接了。请问怎么维护老头？怎么批评男生了？,0,2020-08-26 12:29 ,negative
84,84,https://weibo.cn//taoji6661,淘吉,女,上海,5163,609,984,回复@冷眼旁观察:男生算不算见义勇为不能断定，但他的用词和论调是维护老头和批评男生的。,0,2020-08-26 12:27 ,negative
85,85,https://weibo.cn//u/2144632660,先秦之始秦末之初,女,天津,354,113,106,回复 ,0,2020-08-26 12:26 ,positive
86,86,https://weibo.cn//u/5841819780,冷眼旁观察,男,北京,0,124,368,回复@小傑zsj:你是看不到有第三方介入了吗？ 你活在自己的假设里那没办法，事实是违法行为停止，有保安在场。,0,2020-08-26 12:25 ,negative
87,87,https://weibo.cn//u/1751098697,钮钴禄屠戮玄武,女,江苏,1446,165,389,这是黑警吧？？吐了,0,2020-08-26 12:21 ,negative
88,88,https://weibo.cn//u/2863001282,小傑zsj,男,福建,0,25,85,回复@冷眼旁观察:你搁这和我玩手部运动呢？,0,2020-08-26 12:21 ,negative
89,89,https://weibo.cn//u/2863001282,小傑zsj,男,福建,0,25,85,回复@冷眼旁观察:违法行为已经停止你不好笑嘛？劳资摸个胸要不停的摸才能追？你偷钱要不停的偷手不停才能追？有保安有警察所以不需要看是嘛？,0,2020-08-26 12:20 ,negative
90,90,https://weibo.cn//u/2144632660,先秦之始秦末之初,女,天津,354,113,106,回复 ,0,2020-08-26 12:19 ,positive
91,91,https://weibo.cn//u/5675043862,猪猪式茫然,男,上海,114,105,46,回复@easymoneybot:牛的牛的牛的女孩被猥亵是一面之词？？监控没看见？？“故意用手肘击中女生的胸部”没看见？不算见义勇为的话，起码也是帮助警察嫌疑犯吧？？？这要被刑事拘留的？？你捡了自己的钱包，不论是掉钱包还是捡钱包都是你自己，这件事猥亵的人和抓猥亵的人是同一个人？举的什么破例子,0,2020-08-26 12:16 ,negative
92,92,https://weibo.cn//u/5841819780,冷眼旁观察,男,北京,0,124,368,回复@小傑zsj:你这么讲没有前提啊。第一前提违法行为已经停止 第二前提责任就是保安的，从监控室跑掉就是从保安手上跑掉，难道是从自己手上跑掉吗？第三前提这人真能跑掉？会潜逃国外？第四 逃跑不是很能说明问题吗？老头都没法狡辩了。。,0,2020-08-26 12:07 ,negative
93,93,https://weibo.cn//u/2144632660,先秦之始秦末之初,女,天津,354,113,106,回复 ,0,2020-08-26 12:05 ,positive
94,94,https://weibo.cn//u/5367500143,不容本宫放肆_也放肆多回了,女,浙江,829,87,109,话题挂了,0,2020-08-26 12:04 ,negative
95,95,https://weibo.cn//u/5863561956,你看xz18,女,辽宁,61,107,44,我要是被猥亵的女生，我揍他还是不揍他？我可能因为穷，算了，摸一下摸一下吧，反正没什么？这太悲哀了吧，我连最起码的公平得不到？,0,2020-08-26 12:03 ,negative
96,96,https://weibo.cn//u/2144632660,先秦之始秦末之初,女,天津,354,113,106,回复 ,0,2020-08-26 12:02 ,positive
97,97,https://weibo.cn//u/5841819780,冷眼旁观察,男,北京,0,124,368,回复@小傑zsj:你还把违法进行时和违法完成时放在一起说，那没办法。进行时需要立刻反应，完成时需要的是指证。你非要把完成时需要做的放到进行时去，自己不乱吗？,0,2020-08-26 12:00 ,negative
98,98,https://weibo.cn//u/2816564641,烫手的发条,女,江苏,7324,2117,1194,回复@先秦之始秦末之初:你朋友被摸胸了，你让违法者走，然后给她讲别追了我们等警察来？,0,2020-08-26 11:59 ,negative
99,99,https://weibo.cn//u/2816564641,烫手的发条,女,江苏,7324,2117,1194,回复@先秦之始秦末之初:你到底在杠什么,0,2020-08-26 11:58 ,negative
100,100,https://weibo.cn//u/5841819780,冷眼旁观察,男,北京,0,124,368,回复@小傑zsj:保护犯罪分子？你的意思是jc只会处理伤害老头的男生，而保护受伤老头免于处罚？你要搞清楚，双方有问题都要处理，而不是用谁否定谁。本来可以避免自己受罚的。别人侵害你马上出手和停止伤害后去了监控室之后再出手的性质你认为是一样的话，我啥也不说了,0,2020-08-26 11:57 ,negative
101,101,https://weibo.cn//u/2816564641,烫手的发条,女,江苏,7324,2117,1194,回复@烫手的发条:如果不是这件事在网上暴露出来，胡同学可能还被拘着,0,2020-08-26 11:56 ,negative
102,102,https://weibo.cn//u/2863001282,小傑zsj,男,福建,0,25,85,回复@冷眼旁观察:所以你就是建议冷眼旁观最好咯,0,2020-08-26 11:56 ,negative
103,103,https://weibo.cn//u/6253821823,承诺35590,女,其他,78,110,28,回复@烫手的发条:md我也越想越气这警察得查查吧,0,2020-08-26 11:55 ,negative
104,104,https://weibo.cn//u/2144632660,先秦之始秦末之初,女,天津,354,113,106,回复 ,0,2020-08-26 11:55 ,positive
105,105,https://weibo.cn//u/1679682931,晨曦掠过树叶缝,男,江苏,1110,185,221,希望冷水滩的办案民警的全家女性有同样的遭遇。,0,2020-08-26 11:53 ,negative
106,106,https://weibo.cn//pigggiebaby,范欣欣欣欣欣欣,女,其他,1995,471,316,当时那一万块就不该给！然后发微博，上热搜，啥事都没有了,1,2020-08-26 11:52 ,negative
107,107,https://weibo.cn//u/5841819780,冷眼旁观察,男,北京,0,124,368,"回复@小傑zsj:你要开伤情，鼻青脸肿、有瘀伤这在法律层面一点事没有。粉碎性骨折、一级伤害这个是事实（男生律师和家长都没反驳这一点），这个就有问题，你可以认为踢两脚没什么，但结果人要死了呢？ 他逃跑要是只因为推一把而受伤就没问题。你可以说无法预料，但这是事实,应该是有监控,所以争论只是赔偿和处理措施",0,2020-08-26 11:51 ,negative
108,108,https://weibo.cn//u/2816564641,烫手的发条,女,江苏,7324,2117,1194,回复@苏凰:是的！胡同学只是想拦下来他，也没停下来揍他，就算不是正当防卫见义勇为行为也属于扭送，不可以拘留。,0,2020-08-26 11:51 ,negative
109,109,https://weibo.cn//u/5237585183,点份麻辣烫呗不要芝麻酱,女,广东,11477,299,786,回复@明天我就过期啦:,0,2020-08-26 11:49 ,negative
110,110,https://weibo.cn//u/2816564641,烫手的发条,女,江苏,7324,2117,1194,回复@夏日小碎花Fiona:那男的还有脸要二十万，觉得自己没做错，还腆着老脸要赔偿,0,2020-08-26 11:48 ,negative
111,111,https://weibo.cn//u/2863001282,小傑zsj,男,福建,0,25,85,回复@冷眼旁观察:我所说的成本。是对犯罪嫌疑人的成本。本身不是泄愤的情况下。造成的伤害。如果因为这个，以后别做好事了。,0,2020-08-26 11:48 ,negative
112,112,https://weibo.cn//u/7384851078,某村菜鸡,女,辽宁,15,56,5,回复@冷眼旁观察:,0,2020-08-26 11:46 ,negative
113,113,https://weibo.cn//u/2863001282,小傑zsj,男,福建,0,25,85,回复@冷眼旁观察:一个本身就有犯罪倾向的人。你可以不出手。出手也无可厚非，而且你没有泄愤。总不可能说你控制角度力度不让人受伤？你公检机关到底是在保护人民群众，还是在保护犯罪分子？,0,2020-08-26 11:46 ,negative
114,114,https://weibo.cn//u/6403372295,长在粪土中的鲜花,女,广西,329,228,63,永州市公安局冷水滩分局 0746 836 0766 永州市森林公安局分局 0746 833 8001,0,2020-08-26 11:46 ,positive
115,115,https://weibo.cn//u/5841819780,冷眼旁观察,男,北京,0,124,368,回复@小傑zsj:当然要考虑成本，如果正在背着一个受伤战友，旁边又倒下一个，两个一起救都活不了，要不要考虑成本。6月1日，还有几天就高考，跟女朋友出去散散心也没啥，把别人弄伤了，可能有麻烦，影响高考，这个成本要不要考虑？,0,2020-08-26 11:46 ,negative
116,116,https://weibo.cn//474997354,新兰一生推_,男,其他,20,216,103,小腿踹一脚能两处旧伤复发呵呵呵呵呵呵，我去大爷的，那当时的协议是干嘛的，雷某也是太搞笑了吧,0,2020-08-26 11:45 ,negative
117,117,https://weibo.cn//u/5128152856,顾景豪_Restraint,男,河南,419,513,82,这个黄警官姓的黄是不是黄片的黄,0,2020-08-26 11:44 ,negative
118,118,https://weibo.cn//u/7384851078,某村菜鸡,女,辽宁,15,56,5,回复@easymoneybot:???照你这么说，人家如果是情侣的，宁媳妇儿让人猥亵了，宁还得恭恭敬敬和人家说您慢走呗，宁真是,0,2020-08-26 11:44 ,negative
119,119,https://weibo.cn//u/2863001282,小傑zsj,男,福建,0,25,85,回复@冷眼旁观察:我只是这样说啊。我不是泄愤你凭什么给我定个故意伤害？,0,2020-08-26 11:44 ,negative
120,120,https://weibo.cn//u/5406887551,夏日小碎花Fiona,女,其他,142,400,4,回复@烫手的发条:这个新闻很明显就是告诉咱们女生，被猥亵了别出声，也别请别人帮忙将他摁下等警察来。人家只是故意触碰一下，激动啥。哦？未成年啊，未成年还谈恋爱，看来也是不检点的女生，所以男的才会头脑发热去猥亵。都是我们女生的错，给各位爷添堵了。草,1,2020-08-26 11:43 ,negative
121,121,https://weibo.cn//474997354,新兰一生推_,男,其他,20,216,103,和解协议都签了怎么好意思再来找胡同学？？？请问雷某签的和解协议有好好发挥作用吗？雷某这算是不守法的违法行为叭？难道不应该处罚雷某吗？都敢故意猥亵却不敢让别人打？请问雷某您这是什么心理？警方的判断是想让正道的光都被灭黑是吧，警方的判断是想让社会男性都去猥亵女性是吧？,0,2020-08-26 11:43 ,negative
122,122,https://weibo.cn//ljh18820998250,L鴻髦,男,广东,173,384,191,猥亵是事实，过失行为却被刑拘？     举报             赞[0]         回复             今天 11:42 来自网页,0,2020-08-26 11:42 ,negative
123,123,https://weibo.cn//u/5841819780,冷眼旁观察,男,北京,0,124,368,回复@小傑zsj:好，讨论案情，基于案情。这里是见死不救的情况吗？是不是看到所有逃跑的嫌疑人，不管老弱病残，不追就是见死不救？,0,2020-08-26 11:42 ,negative
124,124,https://weibo.cn//u/6133640698,KevinTpX,男,其他,9,113,13,回复@狮-牛牛牛-鼠:当然是背后有人啊，不然你说呢,0,2020-08-26 11:41 ,negative
125,125,https://weibo.cn//heymanslu,喵桑Luk,女,广东,18873,589,1458,猥亵男受伤是事实，猥亵呢？？？？这明明就是见义勇为之举，你告诉我却不是，我就想问，当时当刻是否有执法人员在现场，如没有，谁来抓贼！？你这个警察说话啊！,0,2020-08-26 11:41 ,negative
126,126,https://weibo.cn//u/2134995881,shunzi339,男,四川,171,224,151,说这个话的警察很危险，是不是在为他自己反的错开脱？好比一个被强奸犯强奸了一名女性，不是强奸犯的错，而是这个女的引起了别人的欲望。,0,2020-08-26 11:39 ,negative
127,127,https://weibo.cn//u/2863001282,小傑zsj,男,福建,0,25,85,回复@冷眼旁观察:你如果说因为有保安，有警察，有监控，所以我们不需要追，不需要动手，做好事的同时还要考虑成本，不要说熟人，陌生人谁救你。,0,2020-08-26 11:39 ,negative
128,128,https://weibo.cn//u/6064279381,石墨栖Y,女,天津,408,344,97,真是事情没有发生在jc身上，说话，办案就这种随意？？？你的正义去哪了，你家的人遇到这种事情，你也这样随便？？？？,0,2020-08-26 11:38 ,negative
129,129,https://weibo.cn//u/3608558141,·萬一·,女,陕西,4,167,47,回复@明天我就过期啦:天，绝了,0,2020-08-26 11:38 ,negative
130,130,https://weibo.cn//u/6219362648,可爱又迷人的正面角色海绵宝宝,男,其他,2,25,11,回复@小醉-立志做条好咸鱼:你这意思好像就是我走着路看见一个人我感觉他可能杀人我揍他一顿一样,0,2020-08-26 11:37 ,negative
131,131,https://weibo.cn//u/6977979171,臭屁小孩李憨憨,女,其他,149,24,7,查一查这个地方的所有案件吧，太黑了,0,2020-08-26 11:37 ,negative
132,132,https://weibo.cn//u/2863001282,小傑zsj,男,福建,0,25,85,回复@冷眼旁观察:所以我们在讨论案件的情况啊。怎么就抬杠了呢？我一个手上绑石膏的人，连踢十几脚，你说我泄愤，你说我故意伤害。说的过去。我踢三脚就中了一脚。因为有保安有警察，所以我们没必要追犯罪嫌疑人，你的意思不就是告诉我们冷眼旁观，见死不救,0,2020-08-26 11:37 ,negative
133,133,https://weibo.cn//u/1694173850,vanessa亲亲的青青,女,贵州,143,308,384,正义之光在哪里,0,2020-08-26 11:37 ,positive
134,134,https://weibo.cn//u/3745475905,付懵懂,女,河北,66,74,64,太搞笑了 哦 正当防卫还有说故意不故意的？哦 不好意思我是无意的正当防卫？？？666666,0,2020-08-26 11:36 ,negative
135,135,https://weibo.cn//u/6977979171,臭屁小孩李憨憨,女,其他,149,24,7,关系户哦,0,2020-08-26 11:36 ,positive
136,136,https://weibo.cn//u/6576120297,我想珍惜1,男,福建,17,110,7,“他不是故意的，难道是无意的吗？”这是一个警察说出的话吗？什么逻辑？警察现在的门槛怎么低了吗？,0,2020-08-26 11:35 ,negative
137,137,https://weibo.cn//u/5492728887,时间是个大怪物,女,江西,411,163,87,什么垃圾，这样办案,0,2020-08-26 11:35 ,negative
138,138,https://weibo.cn//u/5841819780,冷眼旁观察,男,北京,0,124,368,回复@超大号奶兔:争论基本事实没意义。倒是可以总结反思一下。1、本来不容易讲清楚，还得对质，这一跑，简单了，不用狡辩了 2、可以跟保安说，从你们手上跑，不追？3、可以跟jc说，保安眼睁睁看着嫌疑人从监控室跑了，没追，你看保安急眼不？配合警察不？4、那么多监控，跑不掉的。 这样就完胜了 不是吗,0,2020-08-26 11:35 ,negative
139,139,https://weibo.cn//u/6085855493,o嘉hui,女,湖南,9,11,30,保全名……这是什么鬼操作,0,2020-08-26 11:34 ,negative
140,140,https://weibo.cn//u/2140135120,糖奶芯,男,其他,1,11,173,去他妈了个比吧,0,2020-08-26 11:34 ,negative
141,141,https://weibo.cn//wozuiaisongqian,不爱吃鱼的galaxy,女,江苏,17178,346,107,关键是这个猥亵犯猥亵未成年好吗？,0,2020-08-26 11:34 ,negative
142,142,https://weibo.cn//u/5529948500,Redcato,男,其他,61,17,21,回复@easymoneybot:你眼瞎是不是？ 监控视频看了没？他还猥亵其他的女生，可见是个惯犯，他自己都承认了，你还在这洗你妈呢？报警以后不该阻止罪犯逃跑吗？,0,2020-08-26 11:34 ,negative
143,143,https://weibo.cn//u/3190617870,明天我就过期啦,男,海外,1155,339,2761,回复@点份麻辣烫呗不要芝麻酱:永州网警蛮厉害的 小心,2,2020-08-26 11:34 ,negative
144,144,https://weibo.cn//u/1834033792,中二乐涛粉上等等,女,浙江,6623,805,214,令人作呕,0,2020-08-26 11:34 ,negative
145,145,https://weibo.cn//u/5546379506,瑀瑄儿,女,其他,1020,116,67,法律法规。警察应该保护弱者。而不是保护犯法者。 他不猥亵女孩还能有这事？于情于理跟胡同学没关系,0,2020-08-26 11:33 ,negative
146,146,https://weibo.cn//u/6080456490,不再去想一些忘忧草,女,山东,260,141,62,就很离谱,0,2020-08-26 11:33 ,negative
147,147,https://weibo.cn//u/6255015755,养海豚的咖啡馆老板,男,海外,8,101,43,回复@easymoneybot:这老头是你爹吧,0,2020-08-26 11:33 ,negative
148,148,https://weibo.cn//u/5393380027,一草一木迷雾清风,女,山西,3746,1437,275,回复@东方今报:话题挂了我去,1,2020-08-26 11:33 ,negative
149,149,https://weibo.cn//u/3689203525,拢龙的dragon,女,河北,55,153,67,回复@easymoneybot:你这观点有够恶心，那句话咋说来着，你是什么样的人，看到的世界就是什么样的,0,2020-08-26 11:33 ,negative
150,150,https://weibo.cn//u/7488502128,易易易易玺丸子,男,广西,158,2,3,这个警方说的话怎么就那么恶心人，把猥亵罪说得跟受害者一样。见义勇为还被刑事拘留，真的是要笑死个人吗,0,2020-08-26 11:32 ,negative
151,151,https://weibo.cn//u/6142528058,山上会飞的鱼,女,黑龙江,27,258,23,回复@easymoneybot:看似义愤填膺，实则毫无逻辑，甚是三观不正,0,2020-08-26 11:32 ,negative
152,152,https://weibo.cn//u/5898113285,摘果子fu,女,浙江,8,340,107,回复@免·一脚镟掉憨憨脑袋·孑:说不定那个警察也是猥琐男，等他五十多岁呵呵,2,2020-08-26 11:32 ,negative
153,153,https://weibo.cn//u/1288690150,学会忘记知道放弃,男,福建,178,31,351,《永州之野产异蛇。……》谢绝跨省。,0,2020-08-26 11:32 ,negative
154,154,https://weibo.cn//u/5237585183,点份麻辣烫呗不要芝麻酱,女,广东,11477,299,786,回复@明天我就过期啦:科普一下，就是永州有个11岁女孩被拐走，3个月内被强迫卖yin100多次，关键还是她的妈妈和假扮嫖客的亲戚把她救出来的。后面她妈妈多次要求警方立案，警方不但不立案，还把她妈抓去劳教。。一年后那个鸡院才被打掉，最后就赔了2000元，逼迫幼女卖yin的罪犯死刑打成无期,17,2020-08-26 11:32 ,negative
155,155,https://weibo.cn//u/5699994666,Amber_L01,女,山东,464,242,688,派出所从开始就是在和稀泥 后又不知出于什么目的开始助纣为虐 照他们对意思 以后猥亵男完全可以按照这个方式开始碰瓷了,0,2020-08-26 11:31 ,negative
156,156,https://weibo.cn//u/1931815565,爱我的兔子宝宝,女,广西,65,267,95,卧槽，这是警察说的话吗，猥亵女生难道罪就不重了？他吗的这是鼓励犯罪分子猥亵女生吧,0,2020-08-26 11:31 ,negative
157,157,https://weibo.cn//u/6444795947,坚持的小绵羊21,女,浙江,825,649,105,回复@easymoneybot:无语了。。。。说的好像猥亵这件事不值得一提？明明女的是受害者，不管是男朋友还是朋友还是路人，出来制裁猥亵者都是见义勇为好吧,0,2020-08-26 11:31 ,negative
158,158,https://weibo.cn//u/2936160261,氢气不纯会爆炸丶,男,浙江,8,43,116,回复@明天我就过期啦:不同地区的法律难道和国家有出入吗？永州这个地方怎么有这么多垃圾人。吃着国家俸禄，该干的事都不干，不该干的都干了,5,2020-08-26 11:31 ,negative
159,159,https://weibo.cn//u/6443102422,用冷水一定要带手套,男,其他,11939,824,528,不是猥亵是性骚扰,0,2020-08-26 11:30 ,negative
160,160,https://weibo.cn//u/6791479789,青春最好梦,女,北京,24,92,38,不知道收了多少钱,0,2020-08-26 11:30 ,negative
161,161,https://weibo.cn//u/6791479789,青春最好梦,女,北京,24,92,38,回复@怕不是个幸运E:收了钱,0,2020-08-26 11:30 ,negative
162,162,https://weibo.cn//u/1931815565,爱我的兔子宝宝,女,广西,65,267,95,回复@悄悄问龙哥宇儿美不美:卧槽，这警方说的话怎么感觉像土匪一样，这种警察有什么用？？恶心,0,2020-08-26 11:30 ,negative
163,163,https://weibo.cn//u/2673921507,多多多哆嗦啦咪哆,男,贵州,64,174,125,这老狗，故意停下来撞女孩,0,2020-08-26 11:30 ,negative
164,164,https://weibo.cn//sweetheartdevil,好吃的猫酱KittyQueen,女,上海,1076,100,238,回复@凡凡王WF:说对了！！现在中国社会的警察真的不是为人民做事的，是伤害人民的！,0,2020-08-26 11:30 ,negative
165,165,https://weibo.cn//u/7474104596,是小仙子和小仙女呀,女,江苏,116,190,3,建议当👮前先学好法呢,1,2020-08-26 11:29 ,negative
166,166,https://weibo.cn//matianmei,C1_05if,女,广东,877,81,1,回复@三叠酒吖:所以看到这新闻……我才意识到，我遇到的是故意这样做的变态，而不是不小心的,0,2020-08-26 11:29 ,negative
167,167,https://weibo.cn//u/2651969720,盘里的蟹圆_派派,女,浙江,22172,446,240,猥亵男不该踹吗 难道还要笑脸相迎？？？？,0,2020-08-26 11:29 ,negative
168,168,https://weibo.cn//u/5513455101,你好再见舒服晚安,男,其他,26,30,1,回复@怕不是个幸运E:这警察说的话属实恶心,0,2020-08-26 11:29 ,negative
169,169,https://weibo.cn//u/2857049092,YueMing_Pan,女,湖南,219,165,308,真的心寒，令人作呕,0,2020-08-26 11:29 ,negative
170,170,https://weibo.cn//u/5624540546,碗碗2014,女,湖南,2210,826,219,谁受伤谁有理了，那碰瓷将会成为中国第一大产业,0,2020-08-26 11:29 ,negative
171,171,https://weibo.cn//u/5887131075,5-YUANxia,女,贵州,147,275,141,简直就是活生生的被地头蛇给讹诈的例子 还惯犯 昨天一直撤热搜 还有警察局的做法  这人和警察局什么关系  一定不简单 这是在教人如何和警局做买卖吗（一个骨折20万？还不是那个老头猥亵未成年人 看监控期间逃跑 没有这些前提 别人会动他吗 并且猥亵未成年人 给女生的心灵伤害 两人的高考 赔偿翻倍？）,0,2020-08-26 11:29 ,negative
172,172,https://weibo.cn//u/1820952780,亏亏亏亏--,女,广东,5,215,135,只想说真他ma的恶心！！ 神一样的逻辑！就跟扶人事件一样，以后谁敢多事去助人！任何情况都要袖手旁观，甚至是无视才行，不然分分钟钟就是这种下场！！,0,2020-08-26 11:29 ,negative
173,173,https://weibo.cn//u/6584745773,九日旭菲,女,湖南,0,57,17,踹一脚  能有两处轻伤！！！合着这男孩就一武功高人啊！  这猥亵男更妙   粉碎性骨折了还能吧嗒吧嗒到处跑！！  你们警方脑子瓦特了吗！,0,2020-08-26 11:29 ,negative
174,174,https://weibo.cn//u/6050941604,蔚蓝星海星,女,四川,62,175,29,见义勇为构成故意伤害，那以后社会还有多少人敢见义勇为,0,2020-08-26 11:29 ,negative
175,175,https://weibo.cn//u/5673949961,三叠酒吖,女,江西,3,692,106,回复@C1_05if:我以前也碰到过，那次和我朋友去玩，在一条小路上本来后面有个骑自行车的男的，当时我是感觉到后面有人骑车，然后也就没多想，结果他突然从我身边经过抓了我胸一下，然后他就骑车飞快的走了，当时我都懵了，那时候我也就十几岁第一次碰到这事情，当时气的我特别想哭,1,2020-08-26 11:28 ,negative
176,176,https://weibo.cn//u/3828049680,抹茶好想出去玩呀,女,上海,956,311,43,哇，视频不存档的吗？3天就查不到记录了。说没有黑幕谁信,0,2020-08-26 11:28 ,negative
177,177,https://weibo.cn//u/2530702953,苏凰,女,北京,364,204,1435,回复@先秦之始秦末之初:你也不用在网上误导大众，那老头在已知报警的情况下逃跑目的就是逃避法律责任，这时候公民去追是基于公民扭送行为中的私力救济，出手的小哥手部受伤所以用脚，其目的是阻止逃跑，如果这老头倒地了，这男的还在殴打他这才是故意伤害,3,2020-08-26 11:28 ,negative
178,178,https://weibo.cn//u/5268992227,小土豆722,女,黑龙江,91,205,31,回复@怕不是个幸运E:正解，据说这个猥亵犯真的是JC亲戚，是不是亲爹就不知道了，要不是然怎么能蛇鼠一窝，一起讹诈人家20万,4,2020-08-26 11:28 ,negative
179,179,https://weibo.cn//u/3627896350,bowen216,男,河北,34,75,11,还要点脸不  应该严惩猥琐男,0,2020-08-26 11:28 ,negative
180,180,https://weibo.cn//u/3160220627,懒猫Song,女,其他,1663,1528,202,这就是为什么大家不见义勇为的原因。,0,2020-08-26 11:28 ,negative
181,181,https://weibo.cn//u/6036926192,阿兔的名字叫仓鼠,女,重庆,51,324,54,什么垃圾公安 我吐了 从今往后还会有见义勇为精神存在吗,0,2020-08-26 11:27 ,negative
182,182,https://weibo.cn//u/5841819780,冷眼旁观察,男,北京,0,124,368,回复@小傑zsj:你是个人，没绑手绑脚，这是选择。如果只是抬杠就不跟你说了。你可以选择不追，这就定性了，省的日后对质了吧；你可以跟保安说，你们怎么放跑了嫌疑人不追？jc来了，你就说保安眼睁睁看着从监控室跑了，就是不追，你看保安急眼不？协助警察不？ 到处都是监控的社会了，你不会真以为跑的掉吧？,0,2020-08-26 11:27 ,negative
183,183,https://weibo.cn//u/1756483845,萧萧_leo,男,四川,214,216,142,没有你的报道发声的话，这男孩就被诬陷了,0,2020-08-26 11:27 ,negative
184,184,https://weibo.cn//u/3296027523,子非魚的_魚,女,其他,535,62,176,这不和小偷偷东西被追，结果受伤，追的人赔钱坐牢一个道理嘛？？？不该追？还不不该管？都只能警察管？那你能保证100%解决，别100%，80%也行，你有这么高的破案率可以不追，还省力了，你没有，需要大家配合，否则，还不让别人管，你家还管不了那么多那么好，社会不就乱了？,0,2020-08-26 11:26 ,negative
185,185,https://weibo.cn//u/1963212181,Iron_man_forever,女,海外,1622,407,247,回复@明天我就过期啦:一个案子从2006审到2014年…简直了…法律真该改改了。,6,2020-08-26 11:26 ,negative
186,186,https://weibo.cn//u/6373268974,扶良ZL,女,其他,1244,60,38,回复@免·一脚镟掉憨憨脑袋·孑:其实，有很多警察都不是什么正规院校出来的，没接受过正规法学教育。,6,2020-08-26 11:26 ,negative
187,187,https://weibo.cn//u/5724090993,一夕风霜5724090993,男,黑龙江,17,139,6,回复@咕咕咚咚先生:一般这样的警察不会在危险关头出警的,0,2020-08-26 11:25 ,negative
188,188,https://weibo.cn//u/5869688633,YL·卡悟,女,新疆,18,93,10,选警察的标准是否能提高？？？？,0,2020-08-26 11:25 ,negative
189,189,https://weibo.cn//u/6662832121,Cuci初辞,男,北京,310,286,147,回复@easymoneybot:爬,0,2020-08-26 11:25 ,positive
190,190,https://weibo.cn//u/5339441865,cheng信仰,男,其他,61,111,14,回复@easymoneybot:有够搞笑的你,0,2020-08-26 11:24 ,negative
191,191,https://weibo.cn//u/5597579226,其实我不爱糖果,女,其他,137,28,112,回复@明天我就过期啦:哎,0,2020-08-26 11:24 ,negative
192,192,https://weibo.cn//u/6373268974,扶良ZL,女,其他,1244,60,38,回复@Asssttt:这警察应该是法律没学好。不过也不奇怪，很多都是这个样子的。,1,2020-08-26 11:24 ,negative
193,193,https://weibo.cn//u/5535930438,love小倩518,女,其他,212,97,169,不知道这样的警察保护的是谁,0,2020-08-26 11:23 ,negative
194,194,https://weibo.cn//u/1753218943,长颈鹿77288,女,其他,896,452,404,回复@easymoneybot:下次换你女朋友被别人撞胸,1,2020-08-26 11:23 ,negative
195,195,https://weibo.cn//majiali123,马姑娘的酸橘子,女,江苏,1112,228,204,这样以后谁还敢见义勇为？,0,2020-08-26 11:23 ,negative
196,196,https://weibo.cn//xiaxiaya,夏夏呀,男,上海,894,342,187,法的精神：法律条文是死的，人是活的，法律工具主义者把法律当作僵化的工具、不变的教条、忽略并违反了民主法治的基本精神。,0,2020-08-26 11:23 ,negative
197,197,https://weibo.cn//u/7162959645,93yu声,男,陕西,2,67,1,影响人家高考，你们公安局打算怎么赔啊？一年20万，不多吧,0,2020-08-26 11:22 ,negative
198,198,https://weibo.cn//u/3275225311,渣浪这个渣渣,女,广东,376,195,191,这什么jc啊c,0,2020-08-26 11:22 ,negative
199,199,https://weibo.cn//u/1833795534,完美的意义,女,浙江,1827,149,141,这种警察，这种价值观，社会伦理道德都被毁了。。满大街男人，怎么就踢猥亵男不踢别人，猥亵男自己不犯贱，人家会去弄他？有因才有果，做了错事被惩罚是自己活该，骨折算轻的了，死了才好。。。这种人不配继续做警察，应开除掉。。。,0,2020-08-26 11:22 ,negative
200,200,https://weibo.cn//u/1296438523,阿里叮当ing,女,山东,579,470,189,他不受伤，难道让旁观者观赏他猥亵别人吗,0,2020-08-26 11:22 ,negative
201,201,https://weibo.cn//u/5237585183,点份麻辣烫呗不要芝麻酱,女,广东,11477,299,786,回复@明天我就过期啦:而且看到19年的消息说，那几个罪犯都减刑了！！唐慧还在继续上诉,13,2020-08-26 11:22 ,negative
202,202,https://weibo.cn//xiaoxiaoyuhugewind,萧暁瑜,女,广东,92,176,228,不管出于什么原因？？？！！！！,0,2020-08-26 11:22 ,negative
203,203,https://weibo.cn//u/5486314127,佛门智慧,男,四川,3001,257,83291,: 对待见义勇为的人要声援，不然社会风气不正，人都只顾自己，最后自己和自己的家人还得在这社会上生活，,0,2020-08-26 11:22 ,positive
204,204,https://weibo.cn//u/2672770647,喵喵游走的风景,女,四川,348,291,70,派出所真是好样的，气愤,0,2020-08-26 11:21 ,negative
205,205,https://weibo.cn//u/5765109039,Snally_青鱼,女,辽宁,781,225,69,男孩高考都被耽搁了,0,2020-08-26 11:21 ,negative
206,206,https://weibo.cn//u/1203465637,jessicad1216,女,北京,922,450,150,这样的警察也不干正事。,0,2020-08-26 11:21 ,negative
207,207,https://weibo.cn//u/2936160261,氢气不纯会爆炸丶,男,浙江,8,43,116,那有个视频，警察抓捕逃跑犯人，有人见义勇为伸出一脚勾到了逃跑人，如果造成他骨折受伤是不是故意伤害罪？这些警察怎么上的警校？脑子里装的都是啥？,0,2020-08-26 11:20 ,negative
208,208,https://weibo.cn//u/1860859112,不知名灵魂,女,海外,2305,269,282,这是说的什么屁话？？？那以后抓歹徒，说一句，歹徒受伤是事实？这要表达什么？也不看看为什么受伤的？脑壳有泡,0,2020-08-26 11:20 ,negative
209,209,https://weibo.cn//u/1762711255,免·一脚镟掉憨憨脑袋·孑,女,其他,3310,993,500,回复@XT的碎碎念:嗷不好意思是我高看他们了,0,2020-08-26 11:20 ,positive
210,210,https://weibo.cn//778906929,善变的世间我想看一眼永远,女,其他,1312,366,123,这种警察就应该被提出执法队伍！要是没有广大群众的舆论监督，男孩子的前途就毁了！执法不当，本案件的执法者应该受到处罚！,0,2020-08-26 11:19 ,negative
211,211,https://weibo.cn//u/7319490166,认真的在等,男,山东,1,75,2,难道不受伤的就不是正义了吗？难道你们出警得先送个头？,0,2020-08-26 11:19 ,negative
212,212,https://weibo.cn//u/6336589660,Juice_mo,女,上海,4037,216,191,令人心寒… 见义勇为真的太难了…,0,2020-08-26 11:18 ,negative
213,213,https://weibo.cn//u/5646969325,谢伊丶,男,河南,10,46,304,警察家里都是儿子？,0,2020-08-26 11:18 ,negative
214,214,https://weibo.cn//u/5786368034,安子念_,女,山东,900,274,68,真TM恶心，这个警察说话居然还笑！那么好笑，要不你去找那个老男人被他猥亵一下！,0,2020-08-26 11:18 ,negative
215,215,https://weibo.cn//u/1904030567,道系少女-我,女,北京,11469,166,1685,猥亵的老牲口死了我们会关心么,0,2020-08-26 11:18 ,negative
216,216,https://weibo.cn//u/5816667107,转身看见你hf,女,内蒙古,536,257,120,就得让他受到惩罚，打的轻。,0,2020-08-26 11:17 ,negative
217,217,https://weibo.cn//u/5035312016,活跃的实体店店主,女,广东,143,143,172,回复@烫手的发条:并且不能还手,0,2020-08-26 11:17 ,negative
218,218,https://weibo.cn//u/2298552941,一滩粉色的饱和溶液,女,其他,315,162,38,一语道破 我悟了,1,2020-08-26 11:17 ,negative
219,219,https://weibo.cn//u/3380006402,Zroei,女,重庆,199,205,267,转发,0,2020-08-26 11:16 ,positive
220,220,https://weibo.cn//u/6028870033,Elsa920920,女,黑龙江,10,202,3,没有证据证明是胡同学踹伤的雷猥亵男啊，估计雷某那个黑社会亲戚给警察👮上炮了，希望一查到底,0,2020-08-26 11:16 ,negative
221,221,https://weibo.cn//u/1913540365,小熠熠的亲亲,女,其他,171,125,55,回复@怕不是个幸运E:疯狂点头，不敢说话,0,2020-08-26 11:16 ,negative
222,222,https://weibo.cn//u/1925395190,经常坐过站可如何是好,女,其他,717,208,97,猥亵别人逃跑时被打伤还有理了是吧,0,2020-08-26 11:15 ,negative
223,223,https://weibo.cn//u/5719040023,赞赞天长啵啵地久,女,广东,1073,463,171,想想我这几年被这样走在路上莫名其妙撞到我屁股腰部好多次的那些恶心的人，我真的是太惨了，没有勇气去站出来，指责这些畜牲，这个女孩子做的很好，女孩子一定要保护好自己啊！,0,2020-08-26 11:15 ,negative
224,224,https://weibo.cn//u/6108189379,坏人姜小猛,女,江苏,82,47,965,回复@RyuoYaegashi:我就很奇怪，这个见义勇为的男孩子也是男性啊，这些男的不去和他共情，跑去为老流氓开脱是个什么脑回路！,2,2020-08-26 11:15 ,negative
225,225,https://weibo.cn//u/3072925385,蝴蝶de梦想,女,北京,1378,298,110,警察也够糊涂的,0,2020-08-26 11:14 ,negative
226,226,https://weibo.cn//sunyue916,Sunyuelune,女,安徽,555,264,143,以前好像我也有故意被人撞过，所以有陌生人离我近了我就会避开。所以我不喜欢靠近拥挤的人群，不喜欢坐高铁中间的座位。有的人真的很讨厌，一个人能占一个半位置(专指异性，同性的我觉得都挺好的),0,2020-08-26 11:14 ,negative
227,227,https://weibo.cn//u/1783024271,看淡人生世界,女,吉林,1077,269,185,能说出这种话的某个人，应该有一个女儿……,0,2020-08-26 11:14 ,negative
228,228,https://weibo.cn//z3f21,振振春天,男,北京,1611,331,440,是不是警察拉入警车弄伤的,0,2020-08-26 11:14 ,negative
229,229,https://weibo.cn//u/5652453902,洗鸭洗鸭洗早早,女,浙江,986,459,155,还普通人，哪个普通会做这种事,0,2020-08-26 11:14 ,negative
230,230,https://weibo.cn//lllllllny,llllllllllny,女,广西,312,273,204,这tnnd就和以前的一起强奸案一样。入室抢劫强奸。因为强奸犯只差临门一脚。并没有成功。但是被男主人打了。最后男主人倒反被判刑。这tm的强闯民宅强奸未遂的被打不是活该。为什么有这么多这种类型的案件。如果是法官家警察家发生这种事呢。还这样判吗。警察和法官是怎么想的？法律的作用到底是什么。,2,2020-08-26 11:14 ,negative
231,231,https://weibo.cn//u/5699537327,脑壳有卡顿,女,浙江,18,42,83,回复@悄悄问龙哥宇儿美不美:太恶心了，这还有天理没，这个警察讲这个话还笑，笑尼玛笑,1,2020-08-26 11:13 ,negative
232,232,https://weibo.cn//u/6156463780,李易峰的格瓦斯,女,江西,2449,641,218,就这？那希望你出警的时候被打死也不要还手哦，这样以后社会上谁还敢见义勇为？,1,2020-08-26 11:13 ,negative
233,233,https://weibo.cn//u/2139759604,麦兜里的小仓鼠,女,湖南,1018,438,89,回复@easymoneybot:帮助自己的熟人就不算见义勇为了？？？,1,2020-08-26 11:13 ,negative
234,234,https://weibo.cn//z3f21,振振春天,男,北京,1611,331,440,这个黄警官电话谁知道??,0,2020-08-26 11:13 ,negative
235,235,https://weibo.cn//338688878,日月古文,女,广东,4255,666,688,派出所那个警察说的太随意了，几天过去了怎么证明是他造成的？一脚就能两处情伤那是不是可以说他故意没站稳摔倒碰瓷啊,0,2020-08-26 11:13 ,negative
236,236,https://weibo.cn//u/2863001282,小傑zsj,男,福建,0,25,85,回复@冷眼旁观察:所以你的意思就是。因为犯罪嫌疑人不是在不停的猥亵(揉胸)，因为我不是受害者本人？因为人家是二次逃跑？因为有保安？所以我没资格追？只能看是吧？,0,2020-08-26 11:13 ,negative
237,237,https://weibo.cn//u/2568019583,StrongFanny,女,广东,436,133,117,警察觉得猥亵算什么吧，由此看出这个基层警察的素质堪忧啊,0,2020-08-26 11:12 ,negative
238,238,https://weibo.cn//u/5384186533,锦平安安,女,上海,78,66,91,警察这样讲话，真的是醉了,0,2020-08-26 11:12 ,negative
239,239,https://weibo.cn//u/6245659502,巴列霍_,男,陕西,46,114,89,永州真是乱，没有警察吗,0,2020-08-26 11:12 ,negative
240,240,https://weibo.cn//u/1136720934,段落0,女,辽宁,4160,497,320,既然猥亵事先在先，后面的受伤就是正当防卫好吗？,0,2020-08-26 11:12 ,negative
241,241,https://weibo.cn//u/2530702953,苏凰,女,北京,364,204,1435,回复@先秦之始秦末之初:公民自然人是没有打击犯罪的权利和义务，所以才有民法总则关于见义勇为的补充说明啊，主体就是非负有法定职责的自然人啊，对于正在实施的和后经发觉的违法犯罪行为做斗争且不顾个人安危，你的意思就是除了警察别人都不用管了呗,1,2020-08-26 11:12 ,negative
242,242,https://weibo.cn//u/6578614816,我想烫火锅,男,天津,9,188,5,回复@烫手的发条:杀人犯法，不管他是多该死，,0,2020-08-26 11:11 ,negative
243,243,https://weibo.cn//u/6804913062,Anthony-259695,男,其他,132,181,5,回复@easymoneybot:如果换成你你心里咋想？,0,2020-08-26 11:10 ,negative
244,244,https://weibo.cn//u/7389820027,择校行,男,北京,197,155,30172,择校行 ： 动手伤人是要承担法律后果的，男生胡某伤人肯定要被追究法律责任。但是猥琐男雷某猥亵的行为，以及他朋友20万勒索行为，女孩以及男生家长是否应通过法律维护自己权益呢？既然讲法，任何判决都不能厚此薄彼、有失公平！男生出手虽然法不可恕，但是否情有可原呢？,0,2020-08-26 11:10 ,negative
245,245,https://weibo.cn//u/5426157678,鹿晗xiumin,女,安徽,186,162,89,回复@easymoneybot:你看他们是挽手就是情侣？？就不是片面之词？老人猥亵女孩就不是事实？换句话，如果你女儿被猥亵你忍的了？？？你保证你不动手？,0,2020-08-26 11:10 ,negative
246,246,https://weibo.cn//u/1823371740,治愈系Esther,女,广东,599,446,238,过街老鼠 不是人人得而诛之吗？,0,2020-08-26 11:10 ,negative
247,247,https://weibo.cn//u/2816564641,烫手的发条,女,江苏,7324,2117,1194,回复@烫手的发条:罗翔老师讲的蛮好，胡同学就是不该拘,0,2020-08-26 11:10 ,negative
248,248,https://weibo.cn//u/2656800583,在与不在__,女,吉林,61,220,89,见义勇为还有错了？,0,2020-08-26 11:10 ,negative
249,249,https://weibo.cn//u/2621316147,茶色文章,男,江苏,60909,2257,199318,老流氓,0,2020-08-26 11:10 ,negative
250,250,https://weibo.cn//u/7222150192,阿柴柴的阿茜茜,女,其他,306,175,26,为老不尊，不管是不是被踹的还是旧伤都是活该,0,2020-08-26 11:09 ,negative
251,251,https://weibo.cn//u/6587039362,臭屁烊的跟屁虫耶,女,其他,75,200,36,这警察真有一张嘴噢，颠倒黑白，帮罪犯倒打一耙，钱好赚吗？不怕扎手啊,0,2020-08-26 11:09 ,negative
252,252,https://weibo.cn//u/5669564670,建宁公子1990,男,天津,17144,441,561,转发微博,0,2020-08-26 11:09 ,negative
253,253,https://weibo.cn//u/1785527407,BiBi叔叔,男,辽宁,1509,621,1600,警察叔叔们应该也听听罗老师的课了,0,2020-08-26 11:09 ,positive
254,254,https://weibo.cn//znn520,趣多多饼干哈哈哈,男,湖北,47,292,320,黄警官？我看你是黄色警官吧？？？,0,2020-08-26 11:08 ,negative
255,255,https://weibo.cn//u/2377559274,翃蝴蝶,女,海外,234,436,203,社会负能量满分,0,2020-08-26 11:08 ,negative
256,256,https://weibo.cn//u/5609412009,超大号奶兔,女,湖北,973,343,25,回复@冷眼旁观察:可是连踢三脚难道不是因为男生手上有石膏，而且第一二脚都没有踢到，没阻止成。说实话这个行为不对，我也确实想不到该怎么阻止猥琐男离开。而且，男生的行为，你可以说他有含发泄愤怒的感觉在里面，但是也可以说是阻止猥亵者离开，毕竟谁也没想到踹一脚他会受伤。。,0,2020-08-26 11:08 ,negative
257,257,https://weibo.cn//u/6164966591,蝇大锤,女,山东,735,314,363,回复@easymoneybot:你多少沾点nt,1,2020-08-26 11:08 ,positive
258,258,https://weibo.cn//u/5856449433,没有感情的杀手在我身下喘,男,其他,32,261,108,回复@easymoneybot:三观跟五官一样歪 先让父母教教做人和善良再出来说话吧。你的意思是情侣男的出手就不算见义勇为？是一家人就不能互相保护？你觉得猥亵犯逃跑了不应该阻止？还要帮猥亵老人打个车送走？我劝你做个人吧，愿你一生平安不要遇到恶人，否则谁帮你谁倒霉，请别害人了谢谢,1,2020-08-26 11:08 ,negative
259,259,https://weibo.cn//u/1809825204,Sssss1102,女,河北,117,458,261,一看警察就收了钱了,0,2020-08-26 11:08 ,negative
260,260,https://weibo.cn//u/5604680340,jannan45313,女,广东,140,110,133,这个警察，这是呵呵啦,0,2020-08-26 11:08 ,negative
261,261,https://weibo.cn//u/5457219069,一拳超人人,男,江西,1,58,22,走程序还是直接喷？,0,2020-08-26 11:08 ,negative
262,262,https://weibo.cn//u/6040522217,阳光雪沫DAYTOY,女,江苏,444,168,39,什么叫确实？两方证词不一、偏听一方就叫确实？那就不要证据了呗，要是办案都这样，托关系就好了呀，干嘛要正义呀,0,2020-08-26 11:07 ,negative
263,263,https://weibo.cn//u/7222150192,阿柴柴的阿茜茜,女,其他,306,175,26,男生手打石膏不方便抓住猥亵男子，才踹的他，见义勇为就成故意伤人了。这警察真是极其个别，,0,2020-08-26 11:07 ,negative
264,264,https://weibo.cn//u/5041395835,颓废小饼干,女,上海,140,350,95,回复@easymoneybot:猥琐男都赔钱了 还说被猥亵是一面之词？那猥琐男听到要报警都开始跑了把它抓回来怎么就不是见义勇为了？智商堪忧,1,2020-08-26 11:07 ,negative
265,265,https://weibo.cn//u/1436135333,阿牧小屋地盘,女,河北,86,108,102,严重怀疑老色鬼家里有派出所的人,0,2020-08-26 11:07 ,negative
266,266,https://weibo.cn//u/5711012439,ou偶妍,女,青海,360,382,314,这踏马啥道理,1,2020-08-26 11:07 ,negative
267,267,https://weibo.cn//u/6203510380,不在这bb,女,河南,1881,1143,182,无语 真的拜托不要让人寒心好不好，不知道为啥看到警察这么执法，难受的让人想哭，见义勇为的人应该更绝望吧。 不是故意难道是无意？这话真的有脸说出来。见义勇为你是警察你不懂吗？,0,2020-08-26 11:07 ,negative
268,268,https://weibo.cn//u/2097862785,权妖孽爱崔鬼神,女,江苏,629,679,295,难道旁边男性打他有错吗？难道男性朋友还要好声好气的说：“你不可以猥亵她哦”,0,2020-08-26 11:07 ,negative
269,269,https://weibo.cn//u/5363455590,韩菲诗婉婧欧尼酱,女,其他,553,187,247,希望这个警察以后出警被打伤罪犯也把自己刑拘起来,0,2020-08-26 11:07 ,positive
270,270,https://weibo.cn//u/6796114939,单尘44574,男,其他,5,218,2,回复@悄悄问龙哥宇儿美不美:这警察后面还笑了一下，真的无语,0,2020-08-26 11:06 ,negative
271,271,https://weibo.cn//u/5393198289,大爱二维,男,其他,27,56,2,回复@东方今报:直接被封，真的可以,0,2020-08-26 11:06 ,negative
272,272,https://weibo.cn//u/2767866513,它它是我_528,女,上海,52,50,57,说这话的警察你等着吧，呵呵,0,2020-08-26 11:06 ,negative
273,273,https://weibo.cn//u/7254749572,优雅的小小布,女,北京,533,175,29,回复@怕不是个幸运E:哈哈哈哈哈哈哈哈,0,2020-08-26 11:06 ,positive
274,274,https://weibo.cn//u/5666856032,云出青岫,女,北京,176,360,49,给这个律师点赞,0,2020-08-26 11:04 ,positive
275,275,https://weibo.cn//u/6289102081,geneen_indra,女,北京,731,294,102,警察 呵呵 保护恶人的,0,2020-08-26 11:04 ,positive
276,276,https://weibo.cn//u/6556653157,梦里的珊瑚海MF,男,江苏,101,285,12,不收拾难道站着看女孩被猥亵？警察说的这段话是真的假的，难道真的是警察说的话吗？是人话吗？简直不敢相信这三观扭曲还当屁的警察，有些人对的起人民的俸禄，有些人就是蛀虫，送给那些扭曲的当官者们,0,2020-08-26 11:04 ,negative
277,277,https://weibo.cn//u/6590129398,幺幺十九落,男,安徽,1222,913,187,这个警方在割裂因果关系。,0,2020-08-26 11:04 ,negative
278,278,https://weibo.cn//u/5404202500,草木深女士,女,山东,1352,116,45,他受伤不死活该吗？一脚踢死也是他身体不好,0,2020-08-26 11:03 ,negative
279,279,https://weibo.cn//u/3294203473,4rNotfound-,男,海外,19,99,175,猥亵犯被踢伤是活该的呀,0,2020-08-26 11:03 ,negative
280,280,https://weibo.cn//u/6182246728,X-love_wj,女,其他,31,28,1,办案警察：雷某（老色狼）身上的两处伤是胡家豪导致的，不管出于什么原因，这伤都是他导致的。他不是有意的，难道是无意的？ 其中还伴随着警察轻蔑的笑声，我惊了，这他妈都能当警察？,0,2020-08-26 11:03 ,negative
281,281,https://weibo.cn//u/1934974725,葡萄精000,女,河南,805,337,45,这是警察该说的话？不会干就别干,0,2020-08-26 11:03 ,negative
282,282,https://weibo.cn//u/5426157678,鹿晗xiumin,女,安徽,186,162,89,回复@悄悄问龙哥宇儿美不美:这是哪家刑警三观尽毁！！神逻辑,2,2020-08-26 11:03 ,negative
283,283,https://weibo.cn//u/2044791201,留守儿童110,女,其他,10273,281,342,警队素质有待提高,0,2020-08-26 11:02 ,negative
284,284,https://weibo.cn//u/1730114482,A-Jerry,男,广东,306,126,38,今后几年的金句：不是故意的难道是无意的吗？,0,2020-08-26 11:02 ,negative
285,285,https://weibo.cn//u/1842224503,magical_meng,女,山东,4255,517,170,回复@先秦之始秦末之初:在已经报警的情况下，他跑了，不应该制止吗？胡同学当时手臂受伤用脚不行吗,2,2020-08-26 11:02 ,negative
286,286,https://weibo.cn//u/3041586165,禾兜里的糖糖,女,山东,693,401,196,永州唐慧案，又忍不住提一下，永州公安是在保护永州还是祸害永州百姓？？,0,2020-08-26 11:02 ,negative
287,287,https://weibo.cn//u/6760841771,我本是卧龙岗闲散的喵,男,北京,92,57,104,回复@easymoneybot:钓的是🐟 ，死的是🐴,3,2020-08-26 11:02 ,negative
288,288,https://weibo.cn//u/5847320014,星子入眸_Jl,女,上海,2444,193,1149,这警察放什么屁呢？,0,2020-08-26 11:02 ,negative
289,289,https://weibo.cn//u/3151734143,皮卡丘TIng,女,广东,1415,682,128,我之前也被这样撞过,0,2020-08-26 11:02 ,negative
290,290,https://weibo.cn//u/5362764572,肖皮的小屋,女,陕西,35,83,18,你未成年你还谈恋爱,0,2020-08-26 11:02 ,negative
291,291,https://weibo.cn//u/2511668094,奶茶布丁666,女,其他,3281,827,758,为什么三天监控就没了，这里面没有问题？呵呵,0,2020-08-26 11:02 ,negative
292,292,https://weibo.cn//u/5512751959,OhHanHan,女,海外,263,359,177,回复@easymoneybot:你是没长眼睛吗 监控画面没看到吗 明显那老头是故意的 就算他俩是情侣咋了 就不是见义勇为了吗 难道你妈被老头摸了你爸就看着？那可真是个忍者神龟🐢,2,2020-08-26 11:02 ,negative
293,293,https://weibo.cn//u/5841819780,冷眼旁观察,男,北京,0,124,368,回复@小傑zsj:监控室难道是男生家的？ 监控室没有其它保安就能随便看监控？,0,2020-08-26 11:01 ,negative
294,294,https://weibo.cn//u/5645089668,AOTP,男,其他,3,86,7,这警察老婆被人qj  他也说无意的 他在旁边看着别人qj他老婆,0,2020-08-26 11:01 ,negative
295,295,https://weibo.cn//u/5557717388,魔法师纯原,女,其他,112,398,125,看了这个新闻，我以后再也不敢见义勇为了，因为我赔不起,0,2020-08-26 11:00 ,negative
296,296,https://weibo.cn//kongwenjing19880101,管啥管,女,北京,189,135,447,他跑去抓导致受伤，还要医治猥琐男 真是有病,0,2020-08-26 11:00 ,negative
297,297,https://weibo.cn//u/5422622380,Jasonmatt,男,其他,0,69,2,怪不得中国人那么冷漠,0,2020-08-26 11:00 ,negative
298,298,https://weibo.cn//u/1814675613,青年女生产队长,女,江苏,1877,421,556,看吐了,0,2020-08-26 11:00 ,negative
299,299,https://weibo.cn//u/1951706722,少女ABai-,女,辽宁,233,963,522,一分钱都不要给,0,2020-08-26 11:00 ,negative
300,300,https://weibo.cn//u/6267961213,狂奔的龟兄,女,北京,606,68,30,希望以后jc的录取分数和标准能高一点吧，能说出那句话的简直就是无赖,0,2020-08-26 11:00 ,negative
301,301,https://weibo.cn//u/5841819780,冷眼旁观察,男,北京,0,124,368,回复@超大号奶兔:罗老师没说，就意味着只要不是为了流量的法律人都是认可这不是见义勇为。同情男生也只能从普通人无法立刻分清楚违法和犯罪行为去同情，也就是说严格区分，男生做法肯定是有问题。即便是犯罪扭送行为，连踢三脚是不是恰当？真不好说，罗老师没说，可能真的讲不清楚。,0,2020-08-26 10:59 ,negative
302,302,https://weibo.cn//u/5387973502,等待就是遇见,男,广东,640,400,657,这警察说话也是搞笑，首先不猥亵人家会去打你吗？还有双方不已经有调解了吗？还故意无意说出的口。,0,2020-08-26 10:59 ,negative
303,303,https://weibo.cn//u/5118516251,片刻行舟,女,江西,168,264,82,回复@明天我就过期啦:真恶心,1,2020-08-26 10:59 ,negative
304,304,https://weibo.cn//kongwenjing19880101,管啥管,女,北京,189,135,447,回复@悄悄问龙哥宇儿美不美:警察真有病,0,2020-08-26 10:59 ,negative
305,305,https://weibo.cn//u/5941453538,咸鱼酋长咕咕咕,男,其他,212,218,1136,扭送过当或者假想扭送,0,2020-08-26 10:59 ,negative
306,306,https://weibo.cn//u/3889047005,Angelia刘菲儿喵WWW,女,山东,479,261,202,回复@悄悄问龙哥宇儿美不美:这难道不是正当防卫，见义勇为吗？？？性骚扰的成本就这么低？有一次性骚扰行为的人，内心肯定是肮脏的。绝对会再次做出不要脸的行为，这种人不把手砍了就是好的！,6,2020-08-26 10:59 ,negative
307,307,https://weibo.cn//u/1878863087,大魔法娃娃,女,其他,2247,848,436,这尼玛新闻怎么写的,0,2020-08-26 10:59 ,negative
308,308,https://weibo.cn//u/6354564352,没有主语__M,女,其他,1961,203,7,神他妈有意无意,0,2020-08-26 10:58 ,negative
309,309,https://weibo.cn//u/5227884613,仙女E酱,女,江西,152,206,1283,无语了，我们女的就不配活着了呗，那这些恶臭男就自己恶臭吧,0,2020-08-26 10:58 ,negative
310,310,https://weibo.cn//u/2240352044,一粒栗呀,女,广东,97,149,68,求爆光嫌犯，让坏人无处可逃。,0,2020-08-26 10:58 ,positive
311,311,https://weibo.cn//u/5923300526,DunZaiNanQiangShaiTaiYang,女,四川,19,682,58,人民警察 不能秉公执法了？,0,2020-08-26 10:58 ,negative
312,312,https://weibo.cn//u/5825886895,夏妤熙曦,男,北京,9116,204,278,我靠,0,2020-08-26 10:58 ,negative
313,313,https://weibo.cn//u/1977100635,·魏乐,女,广东,32,84,340,回复@悄悄问龙哥宇儿美不美:op,0,2020-08-26 10:58 ,positive
314,314,https://weibo.cn//u/6887344626,南熙寒笙618,女,广东,0,10,1,说这派出所的人跟那姓雷的没关系，劳资信都不信！,0,2020-08-26 10:58 ,negative
315,315,https://weibo.cn//u/2452066297,风子-先生,女,上海,577,261,924,说实话，我亲身遇到的一些警察，跟网上宣传的正能量的总不一样，我知道不能以偏概全，但心里还是………,0,2020-08-26 10:58 ,negative
316,316,https://weibo.cn//u/3429463860,我叫幕惜,女,北京,10711,150,408,？？？警察？？？,0,2020-08-26 10:57 ,negative
317,317,https://weibo.cn//u/5672340238,李四陆二,女,海外,1006,1231,9,那女生被猥亵就不是事实了吗？,0,2020-08-26 10:57 ,negative
318,318,https://weibo.cn//u/2863001282,小傑zsj,男,福建,0,25,85,回复@冷眼旁观察:还有。手上绑石膏的。你说的这个也要考虑实际情况啊。我不用脚我用什么？拿绳子绑嘛？,0,2020-08-26 10:57 ,negative
319,319,https://weibo.cn//u/5181272890,邢丁咚,女,山东,93,79,1188,我一万句脏话🤬，不管出于什么原因，你怎么当上的警察？,0,2020-08-26 10:57 ,negative
320,320,https://weibo.cn//wukai008,CarterWoo,男,北京,10913,1139,4274,当地警方真的牛批,0,2020-08-26 10:57 ,negative
321,321,https://weibo.cn//u/6860321464,小青龙汤九九,女,广西,36,59,5,当警察的有挺多是靠关系进去的，他们的学历大都数是初中毕业后满年龄参军的,0,2020-08-26 10:57 ,negative
322,322,https://weibo.cn//u/6246624520,夜沉歌未央,女,其他,74,101,28,这什么啊！真的是服了，处理方式真的是让人感到失望,0,2020-08-26 10:56 ,negative
323,323,https://weibo.cn//u/5193184264,日暮千山_引引引引引子,女,上海,21603,387,621,回复 ,1,2020-08-26 10:56 ,positive
324,324,https://weibo.cn//u/5609412009,超大号奶兔,女,湖北,973,343,25,回复@冷眼旁观察:最无奈的就是，坏人可以伤害你，但你的亲友不能帮你反击，唉,1,2020-08-26 10:56 ,negative
325,325,https://weibo.cn//u/5923300526,DunZaiNanQiangShaiTaiYang,女,四川,19,682,58,死老头子 没媳妇没孩子吗？脸呢？！,0,2020-08-26 10:56 ,negative
326,326,https://weibo.cn//vickyaqoo,海萤虫的小碎花,女,广东,552,318,1593,@T_ins,0,2020-08-26 10:56 ,negative
327,327,https://weibo.cn//u/5590485644,小何小何要加油呀,男,湖南,4,240,10,警察？算？,0,2020-08-26 10:56 ,negative
328,328,https://weibo.cn//u/5620441003,Dear-春暖花开,女,吉林,221,151,82,故意的咋样，踹死不多,0,2020-08-26 10:56 ,negative
329,329,https://weibo.cn//vickyaqoo,海萤虫的小碎花,女,广东,552,318,1593,    康康,0,2020-08-26 10:56 ,positive
330,330,https://weibo.cn//u/3841570805,青龙偃月刀梳中分,女,四川,486,84,48, 绝了 以后谁还敢见义勇为,0,2020-08-26 10:56 ,negative
331,331,https://weibo.cn//u/6273047928,XT的碎碎念,男,湖北,256,61,21,回复@免·一脚镟掉憨憨脑袋·孑:录取？开玩笑，是被招安的地痞流氓，不用考试。,24,2020-08-26 10:56 ,negative
332,332,https://weibo.cn//u/2863001282,小傑zsj,男,福建,0,25,85,回复@冷眼旁观察:你凭什么定义为保安的事？假如侵害的不是他朋友而是他自己？他也不能追？,0,2020-08-26 10:56 ,negative
333,333,https://weibo.cn//u/2121939763,我们遇见我们相恋我们说再见,女,河南,554,139,366,回复@鱼籽炫炫:对，我听到他说这个 瞬间都炸了 啥特么jc,0,2020-08-26 10:55 ,negative
334,334,https://weibo.cn//u/5239539082,zhejiushishenhuo,男,浙江,1695,1079,266,小伙子得感谢广大人民群众啊,0,2020-08-26 10:55 ,positive
335,335,https://weibo.cn//u/6273047928,XT的碎碎念,男,湖北,256,61,21,回复@怕不是个幸运E:可能是继父，毕竟姓氏不同。,0,2020-08-26 10:55 ,negative
336,336,https://weibo.cn//u/5841819780,冷眼旁观察,男,北京,0,124,368,回复@小傑zsj:他先侵犯你，你下一秒一脚上去，折了三根肋骨。这个一点问题没有，但本案不是这样的情况,0,2020-08-26 10:55 ,negative
337,337,https://weibo.cn//u/5322665339,舒克贝塔ok,女,北京,1107,418,46,有一说一，有的警察叔叔是榜样，有的警察就是垃圾，看到这么多人声讨警察，替受害人辩怨，觉得还是三观正的人多!,0,2020-08-26 10:55 ,negative
338,338,https://weibo.cn//u/6182246728,X-love_wj,女,其他,31,28,1,警察说话我简直吐了,0,2020-08-26 10:55 ,negative
339,339,https://weibo.cn//u/6483322038,QYL别来无恙,女,其他,561,135,26,这不是见义勇为吗？,0,2020-08-26 10:55 ,negative
340,340,https://weibo.cn//u/6170435294,西塘挽歌,男,浙江,86,127,169,回复@easymoneybot:你是真诡辩加假设论小达人,0,2020-08-26 10:54 ,negative
341,341,https://weibo.cn//u/5848007095,我想喷人啊,男,其他,126,455,152,回复@用户曙光6:和见义勇为边都不沾,2,2020-08-26 10:54 ,negative
342,342,https://weibo.cn//u/7459717429,取个名怎么这么难0528,男,河南,53,146,3,一万块钱也多给了,0,2020-08-26 10:54 ,positive
343,343,https://weibo.cn//u/1118328431,我只想每天喝咖啡,女,浙江,4688,434,401,要不是那个垃圾猥亵女生 胡同学用得着去追这个垃圾并且踢他嘛？！真是什么逻辑！退一万步说，要是这个垃圾道歉承认猥亵了，也不至于后面的事情发生，一切都是他自己活该！,0,2020-08-26 10:54 ,negative
344,344,https://weibo.cn//u/6904633970,桔梗的醉话,女,山东,9,21,31,？之前不是说监控莫得了吗，怎么又有了？ 莫非这就是时间刺客吗？,0,2020-08-26 10:53 ,negative
345,345,https://weibo.cn//u/3744148491,没办法就想换个名字,女,广东,6530,480,212,为什么视频那么模糊，让我们看看是那个鸟人，一把年纪了那么不要脸,0,2020-08-26 10:53 ,negative
346,346,https://weibo.cn//u/5736422085,听风忆雨阁,女,上海,624,33,195,如果犯人逃跑，警察抓不抓？如果犯人逃跑，警察赔不赔？,0,2020-08-26 10:53 ,negative
347,347,https://weibo.cn//u/5841819780,冷眼旁观察,男,北京,0,124,368,回复@小傑zsj:你这比方独立看都没问题。但跟本案情形完全不同啊,0,2020-08-26 10:53 ,negative
348,348,https://weibo.cn//u/2441990811,想嘻-,女,山东,6,38,202,迷惑,0,2020-08-26 10:53 ,negative
349,349,https://weibo.cn//u/3185333254,奶油naiy,女,浙江,10,54,136,这个警察可以被办掉了，恶心！,0,2020-08-26 10:53 ,negative
350,350,https://weibo.cn//u/5609412009,超大号奶兔,女,湖北,973,343,25,回复@冷眼旁观察:我也没说罗老师说是见义勇为。,0,2020-08-26 10:53 ,negative
351,351,https://weibo.cn//u/3314591707,Luoluozerzerhahaha,女,其他,1077,944,1197,这位派出所黄警官你说话不过脑子的吗,0,2020-08-26 10:53 ,negative
352,352,https://weibo.cn//u/5651704999,尹口大哥,男,浙江,94,407,329,为什么踹他？因为这个老头犯罪了心虚了想跑，这个男生为了抓住犯罪嫌疑人才踹了这个老头一下，这是帮了警察的忙！不感谢人家也就算了，还要刑拘？？？还要20万？？？,0,2020-08-26 10:52 ,negative
353,353,https://weibo.cn//u/6313431214,锅包肉的似水流年,男,江苏,236,246,22,作为一个有女儿的父亲看了这个新闻，我只想说那些猥琐男小心点，这事要是摊我闺女身上，我一定只提供你丧葬费。看起来这是一个比凶斗狠的社会,0,2020-08-26 10:52 ,negative
354,354,https://weibo.cn//u/7403785374,若芽富贵-,女,其他,69,94,33,你女朋友被人袭胸了，你不生气？，你还好吃好喝的照顾人家？哦，那假如遇到一个犯罪分子，他要逃跑，我们是不是还得给她打个车？,0,2020-08-26 10:52 ,negative
355,355,https://weibo.cn//u/5841819780,冷眼旁观察,男,北京,0,124,368,回复@小傑zsj:你要搞清楚一点，违法行为刚刚结束就逃跑是一回事；已经到监控室再逃跑是另一回事，这时候去追应该是保安的事，而且踢伤这个动作不属于抓捕动作吧，推一下撞上墙受伤那就没啥问题。这个事儿有争议就是有点寸、男生有些冲动了。本来可以完胜的,0,2020-08-26 10:52 ,negative
356,356,https://weibo.cn//u/5492862465,假装自己有只猫,女,其他,509,351,104,视频看不下去了，这个社会怎么这样啊，艹,0,2020-08-26 10:52 ,negative
357,357,https://weibo.cn//u/5991030995,G_Donut,女,四川,8,38,36,回复@easymoneybot:那个猥琐大叔要是不跑怎么会有后面踹他的情节 ，分明就是做贼心虚 不打自招 。所以你的观点完全是颠倒是非 ，无视黑白，偷换概念 ，处处漏洞根本无立足之地。,0,2020-08-26 10:52 ,negative
358,358,https://weibo.cn//u/1949947365,violet桃,女,辽宁,2428,642,217,回复@明天我就过期啦:太可怕了,0,2020-08-26 10:52 ,negative
359,359,https://weibo.cn//u/5988873595,Pedro·Jarvis,女,四川,382,1017,120,回复@easymoneybot:你自己也说了“见义勇为的判定条件：1.以维护国家，集体利益或他人人身及财产安全为目的 ”（法律上规定他人不包括亲属或认识的人吗？？？）这一条你还说“我认为”你认为还是法律认为,0,2020-08-26 10:52 ,negative
360,360,https://weibo.cn//u/2863001282,小傑zsj,男,福建,0,25,85,回复@冷眼旁观察:打个比方。你捅我朋友一刀就跑。我不能追你，因为这是保安的责任？我要不停地捅？我才有权利追你，防卫你？,0,2020-08-26 10:52 ,negative
361,361,https://weibo.cn//u/5500353189,灿灿上上签,女,黑龙江,2464,568,177,变相鼓励犯罪，能办案就办，不能办滚下来,0,2020-08-26 10:52 ,negative
362,362,https://weibo.cn//u/5374748449,嘉绒达布,女,四川,1285,302,134,这样的人还能办案！,0,2020-08-26 10:52 ,negative
363,363,https://weibo.cn//u/6277523601,Dr-小可爱,女,广东,243,385,31,所以现在的人为什么这么冷漠，见义勇为竟然被刑拘，痛心,0,2020-08-26 10:51 ,negative
364,364,https://weibo.cn//520jade,一颗独立的西兰花,女,广东,650,175,284,我是女生。如果我遇到这种男，我也会上去踹他一脚。那他骨折了，倒变成我犯罪了啊,0,2020-08-26 10:51 ,negative
365,365,https://weibo.cn//u/5589822807,是时候认真了,男,山东,193,236,50,那是不是还得打个车送他走？,0,2020-08-26 10:51 ,negative
366,366,https://weibo.cn//u/6640574975,o赴烊o,女,其他,67,70,17,什么人也能做警察？,0,2020-08-26 10:51 ,negative
367,367,https://weibo.cn//u/7338748798,蔓蔓兔兔丫,女,广西,36,73,1,猥亵不用刑拘吗,0,2020-08-26 10:51 ,negative
368,368,https://weibo.cn//u/5251728087,小高小高步步登高Cynthia,女,北京,545,276,81,行政诉讼吧！,0,2020-08-26 10:51 ,negative
369,369,https://weibo.cn//u/5876169951,改名真的好难不如叫胖胖好,男,广东,24686,1743,22,受伤也是罪有应得,0,2020-08-26 10:50 ,positive
370,370,https://weibo.cn//u/5415889882,游戏菜段位高,女,其他,55,80,10,6月1号发生的事 6月4号才说身体有2处骨折 还有肩膀？卧槽 踹的小腿 能骨折到肩膀 我他妈……,0,2020-08-26 10:50 ,negative
371,371,https://weibo.cn//u/5885970005,一杯霸气芝士山竹少冰打包谢谢,女,其他,100,393,99,@LINSIS-,0,2020-08-26 10:50 ,negative
372,372,https://weibo.cn//u/7120431172,十八楼的崽崽好可,女,其他,515,223,20,吐了🤮,0,2020-08-26 10:50 ,negative
373,373,https://weibo.cn//lxylcx,小可爱墨涵回来了,女,北京,248,477,514,这男的就是老流氓,0,2020-08-26 10:50 ,negative
374,374,https://weibo.cn//u/5486680492,青锋折翼断剑轻舞,男,云南,231,520,105,这摄像头赶紧换了吧！！！模糊的无语😓,0,2020-08-26 10:50 ,negative
375,375,https://weibo.cn//u/2863001282,小傑zsj,男,福建,0,25,85,回复@冷眼旁观察:你参考上次一个新闻。一个人扫堂腿把小偷撩倒。怎么人家就没赔20万？因为你是熟人所以你没有权利追犯罪嫌疑人？因为你是陌生人你就可以？,1,2020-08-26 10:50 ,negative
376,376,https://weibo.cn//u/5694767348,仿生蛆会梦见电子屎吗,男,河北,339,35,37,回复@啾啾呱呱呱:这是普通猥亵不是强制猥亵 只够行政拘留,0,2020-08-26 10:49 ,negative
377,377,https://weibo.cn//u/2612603650,斐斐勇勇,女,山东,819,177,170,太气人了,0,2020-08-26 10:49 ,negative
378,378,https://weibo.cn//u/5604785187,宋宋宋宋宋凯馨,女,黑龙江,166,138,154,回复@45514级:重点是他还在女生旁边停下了，等着女生走过来！明显就是故意的了。,0,2020-08-26 10:49 ,negative
379,379,https://weibo.cn//u/6050891694,巴啦啦啦啦啦小啦,女,河南,2,43,1,哎  好气哦   胡同学你真的很棒，你不仅保护了那位女生，也保护了我们手机背后的女生，希望你能被得到公平的结果，有关部门切实负责，不要总是等到成为具有社会影响力的案件了，才去作为。,1,2020-08-26 10:49 ,positive
380,380,https://weibo.cn//u/1718462942,某年某月来逆天,女,海外,1703,811,245,这就跟小偷去人家家里偷东西逃跑的时候跳楼跳死了还要被偷的人家赔钱，偷邻居家水仙当韭菜误食中毒了需要邻居赔偿一样。滑天下之大稽,0,2020-08-26 10:49 ,negative
381,381,https://weibo.cn//u/5547784965,Liuzai_kid,女,浙江,792,740,200,猥亵不严重？猥亵了还能得到赔款？是给那些变态指一条出路吗,0,2020-08-26 10:48 ,negative
382,382,https://weibo.cn//u/6385655588,洱海大金毛,女,四川,409,109,149,回复@easymoneybot:笑死我来了，不去追究个老不要脸的猥亵倒在这逮着字眼纠结这两人是什么关系算不算见义勇为,2,2020-08-26 10:48 ,negative
383,383,https://weibo.cn//u/5841819780,冷眼旁观察,男,北京,0,124,368,回复@超大号奶兔:罗老师可没有说这是见义勇为哈。泄私愤也得学会保护自己,0,2020-08-26 10:48 ,negative
384,384,https://weibo.cn//u/2863001282,小傑zsj,男,福建,0,25,85,回复@冷眼旁观察:你这话我就不认同了。你还要考虑猥亵当时？难不成摸胸还要考虑人家要不停揉搓？你搁着玩摸胸游戏呢。什么又叫追是保安的事啊？这是主次问题嘛。你看到罪犯逃跑侵害你朋友的犯罪嫌疑人你还不能追啊？,0,2020-08-26 10:48 ,negative
385,385,https://weibo.cn//u/2816485545,冉冉冉姐丿,女,河南,944,296,69,胳膊碰人家一下就能升天吗 这是没见过女人,0,2020-08-26 10:48 ,negative
386,386,https://weibo.cn//u/3187807740,阿荼荼荼压,女,其他,95,91,50,这些警察我也希望你们以后的女儿也被猥琐,0,2020-08-26 10:48 ,negative
387,387,https://weibo.cn//u/7199103609,Kim的小白,女,四川,3,18,2,咋！你追击罪犯把罪犯不小心打伤了也是故意的啊，罪犯是不是也可以要求你赔钱啊！说这话的时候没有带脑子吗？,0,2020-08-26 10:48 ,negative
388,388,https://weibo.cn//u/6616496906,棠花辞树xxy,女,湖南,401,308,13,这警察……,0,2020-08-26 10:47 ,negative
389,389,https://weibo.cn//u/6640574975,o赴烊o,女,其他,67,70,17,回复@easymoneybot:挽着手就是情侣，以后你妈挽着你出去逛街也会被说成情侣,0,2020-08-26 10:47 ,negative
390,390,https://weibo.cn//u/6198224593,GhostBread,男,辽宁,32,338,69,回复@小傑zsj:不应该被定义为故意伤害，这个已经有很多人讨论过了，最多算作过失。这个事情可以有很多可以讨论的方向，我想讨论的是媒体在报道中故意隐去他们的男女朋友关系，打上“见义勇为”“被刑拘”等标签让大多数网友感到愤怒博取更多的流量，这样的报道方式，真不知对这个社会是好是坏,0,2020-08-26 10:47 ,negative
391,391,https://weibo.cn//u/2257908761,959星星,男,广东,100,316,323,居然还有替猥亵男辩护的警方，这冷水滩公安局怕是要撤掉了吧，这司法水平太低了。,1,2020-08-26 10:47 ,negative
392,392,https://weibo.cn//u/1629196802,墨山白茶,女,海外,279,594,63,这个警察应该是没有女性家人的！,0,2020-08-26 10:47 ,negative
393,393,https://weibo.cn//u/6472421334,过儿的姑姑6839,女,其他,14,62,1,你可她妈的闭嘴吧,0,2020-08-26 10:47 ,negative
394,394,https://weibo.cn//u/1915238415,小迪儿Daisy,女,北京,874,225,201,回复@悄悄问龙哥宇儿美不美:嗯，他是无意的猥亵。这是人话么？？？？猥亵还tm分有意无意吗？？？？？？？,6,2020-08-26 10:47 ,negative
395,395,https://weibo.cn//u/5997342680,九年义务教育核心-,女,浙江,0,9,38,那个男警官是想跟猥亵犯一起赚哪二十万吗,0,2020-08-26 10:47 ,negative
396,396,https://weibo.cn//u/3649103892,小兔子哥哥LT,男,浙江,1485,711,471,简直可笑，这个雷某后台很硬？派出所民警这口气也是醉了,0,2020-08-26 10:46 ,negative
397,397,https://weibo.cn//u/5991030995,G_Donut,女,四川,8,38,36,回复@easymoneybot:你这话完全没点水平啊，你当谁都闲得无聊搞事情 （而那女生还是学生不会再乎自己的声誉？）如果是故意的 还找这种一把年纪的猥琐大叔 不找个年轻的小伙子？还是说你看大部分人都站男生那一边 所以你就来突出一下找找存在感 。还有那个男的没犯罪他跑什么？他大可等警察来呀 还可以自证清白 ，怕什么,0,2020-08-26 10:46 ,negative
398,398,https://weibo.cn//u/5694767348,仿生蛆会梦见电子屎吗,男,河北,339,35,37,回复@何立国34:@珠海公安,0,2020-08-26 10:46 ,positive
399,399,https://weibo.cn//dfjb,东方今报,女,河南,76756,1106,7476717,【最新消息｜踹伤猥亵男男生被解除刑拘，父亲：26日凌晨到家今天吃团圆饭】,25,2020-08-26 10:46 ,negative
400,400,https://weibo.cn//u/5983325097,小萌爱吃星星泡饭,女,重庆,7516,393,195,这警察有🐱病？,0,2020-08-26 10:46 ,negative
401,401,https://weibo.cn//u/7006903555,来颗桃子吗,女,浙江,1086,56,8,这什么警察啊 自己女儿自己老婆要是被猥亵了还说得出这种话吗,0,2020-08-26 10:46 ,negative
402,402,https://weibo.cn//u/7262940745,北风承欢009,男,云南,8,30,3,公安就一点错也没有，反正我不信，要不然凭什么说出那样的话,0,2020-08-26 10:46 ,negative
403,403,https://weibo.cn//u/2481175944,影子梦游-張,女,福建,317,80,215,@WLS-47,0,2020-08-26 10:46 ,positive
404,404,https://weibo.cn//u/2385041273,Mr-胡桃夹子,女,其他,507,84,503,警察真是狡辩好吧,0,2020-08-26 10:45 ,negative
405,405,https://weibo.cn//u/5854542829,小姜先生e,男,黑龙江,3,130,13,回复@龙象玲珑:哈哈哈警察有枪他死不了,0,2020-08-26 10:45 ,positive
406,406,https://weibo.cn//u/2510424047,Y_______G,男,辽宁,208,133,52,枪毙杀人犯时候，枪杀一个人也是事实，是这么理解吗？,0,2020-08-26 10:45 ,negative
407,407,https://weibo.cn//u/6648502560,风沙渡流萤,女,江苏,147,287,8,“见义勇为”变成“故意伤害罪”?揍猥亵男还要被刑拘并被索赔20万?当地的公安局起初的处理方式也太过分了吧!良心不痛吗？警察应该是惩恶扬善的使者，而不是包庇犯罪、让好人心寒的伪君子!,1,2020-08-26 10:45 ,negative
408,408,https://weibo.cn//syc8,四月初8,男,山东,2764,1252,688,脑壳子有包，调查取证不就是找出原因吗。,0,2020-08-26 10:45 ,negative
409,409,https://weibo.cn//u/6463267332,没溜gogogo6868,女,黑龙江,135,249,49,先认清先后顺序好吧，威胁在先,0,2020-08-26 10:45 ,negative
410,410,https://weibo.cn//u/1795593825,小草崽崽a,女,广东,143,240,1042,……,0,2020-08-26 10:44 ,positive
411,411,https://weibo.cn//u/6931041835,偷偷吃芒果,女,其他,201,142,10,恶心,0,2020-08-26 10:44 ,negative
412,412,https://weibo.cn//u/5364266578,七玥wm,女,河南,906,559,72,回复@easymoneybot:？？？别人猥亵自己女朋友就不能反击了？你眼睛是有问题吗？故意撞击胸部猥亵罪成立没看见吗,1,2020-08-26 10:44 ,negative
413,413,https://weibo.cn//u/2016526775,我家有个小胖哥,女,辽宁,180,311,117,看完太气愤了 简直了,0,2020-08-26 10:44 ,negative
414,414,https://weibo.cn//u/5630076770,黑曼巴228,女,北京,10,96,8,难道不该打吗？打死也不是故意的！,0,2020-08-26 10:43 ,negative
415,415,https://weibo.cn//u/1763325593,猪一沉,男,辽宁,5,169,61,你不给男同学名字消音????,0,2020-08-26 10:43 ,negative
416,416,https://weibo.cn//u/5609412009,超大号奶兔,女,湖北,973,343,25,回复@GhostBread:可能在懂法学法的人眼中，这不属于见义勇为。但是这个界限比较模糊。成语解释是看到正义的事，就勇敢的去做，大众不从法律角度也觉得是见义勇为。老实讲虽然这样是为了防止有些人打着见义勇为的幌子干不正当的事情。但有时候法律还是需要一些弹性吧,0,2020-08-26 10:43 ,negative
417,417,https://weibo.cn//u/5166555266,skullmeow,女,海外,372,311,594,警察怕不是被收买了吧,0,2020-08-26 10:43 ,negative
418,418,https://weibo.cn//u/3946462948,说谎话就像匹诺曹,女,吉林,349,210,16,这警察说的什么玩意，听着就气愤,0,2020-08-26 10:43 ,negative
419,419,https://weibo.cn//u/6286612704,不吃菜叶的猫,女,湖南,356,403,113,回复@easymoneybot:你女朋友＝你？不过你肯定没有女朋友，你TM雌雄同体啊你。即便是男女朋友也可以是见义勇为！,0,2020-08-26 10:43 ,negative
420,420,https://weibo.cn//522789800,JINHEE_LU,男,广东,538,240,452,收黑钱了吧 这样站队帮雷某讲话真的不得不怀疑,0,2020-08-26 10:43 ,negative
421,421,https://weibo.cn//dreamni,嘎饭·,女,湖南,377,290,181,回复@悄悄问龙哥宇儿美不美:警察是个脑瘫,14,2020-08-26 10:43 ,negative
422,422,https://weibo.cn//u/1572197612,尘世书女,女,其他,5034,1096,444,小胡的行为也是制止对方逃跑，怎么也算不上故意伤害吧，你要说过失也不至于被骂成筛子,0,2020-08-26 10:42 ,positive
423,423,https://weibo.cn//u/2863001282,小傑zsj,男,福建,0,25,85,回复@冷眼旁观察:你不是有跑的动机，你是已经在逃跑了。关键是你抓逃跑的犯罪嫌疑人。是怎么定性为故意伤害的。警方官方也是无语。毕竟伤是你造成的。打个比方。你要抓犯人要考虑人家受不受伤？,0,2020-08-26 10:42 ,negative
424,424,https://weibo.cn//u/3084959535,没有感情的一个喂蚊机器,女,四川,22,215,24,应该给警察颁发一个和稀泥奖,0,2020-08-26 10:42 ,positive
425,425,https://weibo.cn//u/5161457734,湫湫栗子酱,女,宁夏,903,753,178,@孙文科本人,0,2020-08-26 10:42 ,positive
426,426,https://weibo.cn//u/2930933647,好心眼的淑女,女,上海,115,629,115,某些警察不要破坏警察的形象啊！,0,2020-08-26 10:42 ,negative
427,427,https://weibo.cn//u/5907286311,XiXili-YIYI,女,其他,27,439,18,这个男孩的高考好像都影响了，真的气死了，凭什么啊,0,2020-08-26 10:42 ,negative
428,428,https://weibo.cn//uc72671,翼宇庭,男,其他,46,30,13,查下袭胸男背景,0,2020-08-26 10:42 ,negative
429,429,https://weibo.cn//u/2667645411,凡凡王WF,女,北京,588,228,12704,这个案件怎么样不予评论 但是现在警察素质低是真的 我兰州朋友的男朋友是个警察 利用职权查我朋友身份证 还多次家暴 最后还把我朋友打进医院 报警后相互包庇 当时就觉得恶心了 人民警察不为人民做事 反而伤害人民 我服了,12,2020-08-26 10:42 ,negative
430,430,https://weibo.cn//u/1968183691,骏哥哥是潜力股,男,江苏,6209,243,425,社会黑暗,0,2020-08-26 10:42 ,negative
431,431,https://weibo.cn//yangdanrui,来杯震猪奶茶,女,浙江,979,371,266,这警察在说什么？凭什么认定这个伤就是男同学造成的了？事情过去好几天了谁知道中间又发生了什么呢？而且不是警察调解他们签的和解书，那就算事后有什么问题也不关两个同学的事吧,0,2020-08-26 10:42 ,negative
432,432,https://weibo.cn//u/1976187203,哎呦别吃肉啦,女,江苏,367,228,115,？？？这种话也说得出口？,0,2020-08-26 10:42 ,negative
433,433,https://weibo.cn//u/6524643969,太多xxx,男,重庆,18,12,16,怎么跟自我防卫似的，防也不是，不防也不是。,0,2020-08-26 10:42 ,negative
434,434,https://weibo.cn//u/5206785025,跨越阳光26139,男,其他,2810,713,120,猥亵不抓，人家见义勇为还抓，普通老百姓去哪里讲法啊还有正义吗,0,2020-08-26 10:41 ,negative
435,435,https://weibo.cn//u/5761180623,日猫狂魔,女,海外,407,126,3261,那这样，以后警察抓捕犯人的时候把犯人弄伤了，请把警察刑拘，判几年，警察伤人最普遍了吧,0,2020-08-26 10:41 ,negative
436,436,https://weibo.cn//u/7328914115,就是阳阳阳蓝,男,其他,9,59,2,好气哦，什么警察啊,0,2020-08-26 10:41 ,negative
437,437,https://weibo.cn//u/5785374086,TQ飞花似梦,女,江苏,7554,491,199,回复@悄悄问龙哥宇儿美不美:吐了,0,2020-08-26 10:41 ,negative
438,438,https://weibo.cn//onlyme,严小CC,女,江苏,5788,253,1896,回复@easymoneybot:滚,0,2020-08-26 10:40 ,negative
439,439,https://weibo.cn//u/6362611273,凉梓凉梓,女,广东,14,184,29,这个警察脑子不太好,0,2020-08-26 10:40 ,negative
440,440,https://weibo.cn//u/5802040779,明明_199404,男,其他,2710,809,153,这些都是怎么当上警察的？？？,0,2020-08-26 10:40 ,negative
441,441,https://weibo.cn//u/2863001282,小傑zsj,男,福建,0,25,85,回复@GhostBread:关键是，制止犯罪嫌疑人逃跑。怎么定性为故意伤害？因为你就是伤了人所以你就是故意伤害？和彭宇案是不是有很多相似,0,2020-08-26 10:40 ,negative
