id,bid,正文,头条文章url,原始图片url,视频url,位置,日期,工具,点赞数,评论数,转发数,话题,@用户
4542227496573790,JhIwRrA8S,#豪华中学农民工三年工资正结算#【#被拆除豪华中学农民工三年工资未结# 劳动局：正在结算立刻发】“现在正在发钱，欠了三年的钱今天结清了！”8月26日中午，@东方今报 记者收到陕西镇安中学务工人员反馈信息。随后记者从镇安县人事和劳动保障局了解到，该校所有务工人员工资正在结算，将在施工单位提供结算单后第一时间发放。一名包工人员告诉记者，学校欠自己包工队的20余万工资已结清，其中包括2018、2019年欠款。另一名务工人员表示，他们正根据县劳动局要求，整理务工以来的结算单，对方承诺将结算发放。东方今报的微博视频,,,"http://f.video.weibocdn.com/XP6LWfZ3lx07FWkRLnVC01041200gKLH0E010.mp4?label=mp4_hd&template=852x480.25.0&trans_finger=62b30a3f061b162e421008955c73f536&ori=0&ps=1CwnkDw1GXwCQx&Expires=1598453321&ssig=4661tb%2Fhum&KID=unistore,video",,2020-08-26,iPhone客户端,814,113,40,"豪华中学农民工三年工资正结算,被拆除豪华中学农民工三年工资未结",东方今报
4542287621924739,JhK5Q84Ib,【视频：#习近平向中国人民警察队伍授旗#并致训词】中国人民警察警旗授旗仪式26日在人民大会堂举行。习近平向中国人民警察队伍授旗并致训词，代表党中央向全体人民警察致以热烈的祝贺。央视新闻的微博视频 @央视新闻 ,,,"http://f.video.weibocdn.com/oMSeJCiTlx07FWs8pXTW01041201rFqx0E010.mp4?label=mp4_hd&template=640x360.25.0&trans_finger=62b30a3f061b162e421008955c73f536&ori=0&ps=1CwnkDw1GXwCQx&Expires=1598453302&ssig=N27EUhfVFz&KID=unistore,video",,2020-08-26,iPhone客户端,1,0,2,习近平向中国人民警察队伍授旗,央视新闻
4542287301837858,JhK5k7I6S,【最惠开学季来了！“淘气包”和奥运冠军将做客打造线上《开讲啦》】8月26日，新电商平台拼多多将上线史上最大优惠“开学季”活动，“开学季”期间，将邀请多位大咖来到直播间和网友们分享读书故事。8月31日，知名儿童文学作家杨红樱将做客直播间，和大家分享自己读书和创作的经历。9月1日，中国首位女性奥运“五金”冠军吴敏霞也将来到直播间，和网友们聊聊读书的故事，并分享她心目中的“开学必备清单”。,,https://wx2.sinaimg.cn/large/63b09f89ly1gi4jloycd0j20zv0lhb29.jpg,,,2020-08-26,iPhone客户端,0,0,0,,
4542265706680158,JhJwus1Ou,#发现身边的温暖# 【爱的延续！19岁#女大学生车祸离世捐器官救5人#】22日，安徽19岁女孩兰贵枝因车祸离世。她的家人决定，将她的肝脏、双肾和一对眼角膜捐献出去，让5名患者重获新生。兰贵枝母亲表示：“她就是发挥一点最后的光和热吧，能够救助更多患者，让他们重归健康。”@看看新闻Knews 正能量News的秒拍视频 ,,,"https://gslb.miaopai.com/stream/X2w2Tv~5M4q0ef21FrTgu~R1BNG2yd9aWfIi~g__.mp4?yx=&refer=weibo_app&vend=weibo&label=mp4_hd&mpflag=8&ori=0&ps=1EO8O2oFB1ePdo&Expires=1598453325&ssig=XjwRgA3YwC&KID=unistore,video",,2020-08-26,iPhone客户端,23,1,0,"发现身边的温暖,女大学生车祸离世捐器官救5人",看看新闻Knews
4542260835785256,JhJoDoh0A,#医生潜2.5米深河底救少年#【15岁少年溺水休克 休班医生潜河底救起 连续按压5分钟救回】四川宜宾，8月16日，一名15岁男娃在河里游泳时不慎溺水。回老家过周末的医生郑志和表哥等人发现后，潜下约2.5米深的水底将溺水者救起，马上采取倒水以及心肺复苏，郑志人工呼吸，其表哥按压，经过大约七八分钟施救，男孩有了呼吸，赶来的120车接走送医，目前孩子无大碍。#发现身边的温暖# （沸点视频）沸点正能量的微博视频,,,"http://f.video.weibocdn.com/HMB8GKJhlx07FW919OOk01041200m8610E010.mp4?label=mp4_hd&template=852x480.25.0&trans_finger=62b30a3f061b162e421008955c73f536&ori=0&ps=1CwnkDw1GXwCQx&Expires=1598453324&ssig=o0PCK3qesW&KID=unistore,video",,2020-08-26,iPhone客户端,40,4,6,"医生潜2.5米深河底救少年,发现身边的温暖",
4542251940716428,JhJai30ni,【东方今报联合多部门打造公益招聘会别样庆生 3万个优岗等你来】 50家头部名企，30000个优岗，职等你来，只等你来！8月29日上午，“勇往职前”——河南郑州“稳就业保民生”线上线下精准招聘会，将正式启幕，活动将持续一周时间。9月1日，东方今报将迎来16岁生日，在省人力资源和社会保障厅和河南广播电视台指导支持下，东方今报联合省人力资源和社会保障厅就业促进局、郑州市人力资源和社会保障局、郑州市职业介绍中心推出大型公益就业活动，别样庆生“保民生”。 东方今报联合多部门打造公益招聘会别样庆生 3万个优岗等你来,,,,,2020-08-26,微博 weibo.com,3,0,1,,
4542239697797943,JhIQxwIBh,#中国人民警察警旗式样#【#中国人民警察警旗式样公布#】经党中央批准，中国人民警察警旗式样确定。警旗旗面由红蓝两色组成，红色为主色调，长方形，警徽居旗帜左上角。红色体现党对人民警察队伍的绝对领导、全面领导，彰显人民警察队伍绝对忠诚、绝对纯洁、绝对可靠的政治本色；蓝色凸显人民警察的职业特征，代表人民警察对平安的守护。警旗通用规格共分为四种：（一）长240厘米、宽160厘米；（二）长192厘米、宽128厘米；（三）长144厘米、宽96厘米；（四）长96厘米、宽64厘米。警旗是人民警察队伍的重要标志，是人民警察荣誉、责任和使命的象征。确定中国人民警察警旗，对于深入推进人民警察队伍革命化正规化专业化职业化建设、激励人民警察忠实履行党和人民赋予的新时代使命任务具有重要意义。,,https://wx1.sinaimg.cn/large/63b09f89ly1gi4e4uusekj20u01hcaxa.jpg,,,2020-08-26,iPhone客户端,19,4,2,"中国人民警察警旗式样,中国人民警察警旗式样公布",
4542239286240474,JhIPSqbqO,【#江西17岁少年的死亡追问#：失联十余天方知其已被刑拘 家属质疑：看守所内昏倒为何继续擦地板】2019年6月，某美发店学徒工杨文鹏因涉嫌聚众斗殴罪，被江西湖口县公安局刑事拘留，羁押在湖口县看守所，7月30日被批捕。 9月2日，杨文鹏突然“间断恶心、呕吐4天，晕厥1天”，被送往九江市第一人民医院住院治疗。9月14日，杨文鹏的父亲杨恒红才接到双钟派出所民警兰青的电话，称孩子正在ICU病房抢救。10月17日，杨文鹏死亡，南昌大学司法医学鉴定研究所出具的司法鉴定意见书上显示：杨文鹏符合患化脓性脑炎导致昏迷等表现，最终多脏器功能衰竭而死亡。昔日活蹦乱跳的杨文鹏转眼间变成了一具冰冷的尸体，化脓性脑炎的死因更是让杨恒红一家产生疑惑，17岁的杨文鹏在湖口县看守所羁押期间，究竟经历了什么？（大象新闻）详情↓ 江西17岁少年的死亡追问：失联十余天方知其已被刑拘,,,,,2020-08-26,微博 weibo.com,64,12,14,江西17岁少年的死亡追问,
4542237121451054,JhIMo65u6,【#赵立坚用一二三回应美防长说准备对抗中国#】近日，美国国防部长埃斯珀再抛“中国威胁论”，并称“已准备好和中国对抗”。对此，中国外交部发言人赵立坚表示，埃斯珀先生的有关说法毫无依据。#赵立坚对美防长提出一忠告两事实三问题#：一个忠告。希望埃斯珀先生能够仔细阅读中方发布的《蓬佩奥涉华演讲的满嘴谎言与事实真相》， 其中大量事实和数据都足以戳穿粉碎所谓“中国威胁”的谎言和谬论。两个事实。一是自1990年以来，中国军队累计参与20多项联合国维和行动，派出维和军事人员4万多人次，是安理会“五常”中派出维和部队最多的国家。二是美国建国240多年历史上，只有16年没打过仗。美国2019年军费预算超过7160亿美元，这相当于美国后面9个国家军费开支的总和。三个问题。第一，中国奉行防御性国防政策，《中国共产党章程》和《中华人民共和国宪法》都明确表明中国坚持和平发展道路、反对霸权主义。美国能作出这样的政策宣示吗？第二，是谁在全世界拥有数百个军事基地，非法对伊拉克、叙利亚、利比亚等国发动战争和军事行动，派舰机到远离本土的海域“大秀肌肉”？第三，是谁固守冷战思维，不断“毁约”“退群”，挥舞“大棒和拳头”，肆意破坏全球规则？美方一些政客只要尊重事实，就能得出正确答案。（总台央视记者朱若梦 杨弘杨）央视新闻的微博视频,,,"http://f.video.weibocdn.com/8RBn9p8Rlx07FWg4ZScw01041200gdOA0E010.mp4?label=mp4_hd&template=852x480.25.0&trans_finger=62b30a3f061b162e421008955c73f536&ori=0&ps=1CwnkDw1GXwCQx&Expires=1598453329&ssig=I3CDOhpJKA&KID=unistore,video",,2020-08-26,iPhone客户端,7,1,2,"赵立坚用一二三回应美防长说准备对抗中国,赵立坚对美防长提出一忠告两事实三问题",
4542235557768485,JhIJRwAW9,【#孟佳回应选张含韵PK争议#：这种环节选谁都会被指责！】作为前韩国女团成员，@M孟佳J 的舞台实力毋庸置疑，但这位有颜有身材有实力的“姐姐”，直到在《乘风破浪的姐姐》中才尝到红的滋味。在复活赛上，孟佳与其他姐姐合作了《玫瑰少年》，唱着“最美的盛开是反击”，强势归来。复活成功后，曾人气垫底的她，逆袭成为观众喜爱度排名第一。对于这趟有点曲折但精彩的旅程，孟佳也有不少感悟，在接受@净看明星 记者采访时，她回应了质疑，也坦诚透露了淘汰又复活的心路历程。 净看明星的微博视频,,,"http://f.video.weibocdn.com/DRaMSTVflx07FWmX8lmU01041200EMpI0E010.mp4?label=mp4_hd&template=852x480.25.0&trans_finger=1621fcd5d40969f1c74e6b06e52fcd54&ori=0&ps=1BThihd3VLAY5R&Expires=1598453345&ssig=bdOGWMDyQ8&KID=unistore,video",,2020-08-26,娱乐综合 · 视频社区,14,5,4,孟佳回应选张含韵PK争议,"M孟佳J,净看明星"
4542220781233735,JhIm25aWX,【解除刑拘！不能让防卫者缩手缩脚】今天（8月26日）有媒体报道说，湖南省永州市冷水滩公安分局昨天通报办理的一起“故意伤害案”引发公众关注后，永州市公安局对这起所谓“男学生踹伤猥亵男”案高度重视，已责令冷水滩分局撤销该案件，并立即解除对防卫者胡某某的刑事拘留，将该案提级由市公安局重新调查。对雷某某猥亵他人的违法行为，冷水滩分局依据《中华人民共和国治安管理处罚法》处行政拘留15日。据冷水滩公安分局昨天通报称，上述案件的起因是“猥亵男”雷某某在某商场内故意臂碰撞一女子胸部，在争执中，雷逃跑，与该女子同行男友胡某某追上雷并将其踢致雷右肱骨头粉碎性骨折、右股骨粗隆间粉碎性骨折，损伤已构成腿伤一级。冷水滩公安分局据此做出对胡某某予以刑事拘留的决定。显然，公众之所以关注胡某某被刑事拘留一案，是因为冷水滩公安分局的此决定，与最近两年司法机关在处理有关防卫问题时的指向有所不一。在相当长一段时间内，刑法有关防卫的条款并没有起到其应起的震慑犯罪行为人、阻吓犯罪，以及保护公民人身和财产安全的作用。之所以如此，就是因为防卫条款对防卫“正当”的解释，极大地限制了防卫者的防卫行为，使防卫者因担心防卫“过当”而领受甚至重于犯罪者所受刑罚的处置，因而不敢采取防卫行为、或采取的行为不足以阻吓犯罪行为，由此被动受害。正是因为如此，最高法院负责官员呼吁司法界要正确理解和适用正当防卫制度，准确把握正当防卫制度的立法精神，有效激活正当防卫制度的适用，根据常理常情考量正当防卫制度的司法适用，统筹兼顾正当防卫司法裁判的法律效果与社会效果，统一正当防卫制度的法律适用标准。在这个法律适用指向明确的呼吁下，一些为公众所关注的防卫案件，都以防卫者防卫行为被肯定的司法决定而告终，这就“有效激活正当防卫制度的适用”，极大激励了防卫者的自我保护意愿以及见义勇为者的行动意愿。此中的道理在于，防卫行为具有天然的正义性，因而也具有天然的正当性。如果司法实践为防卫行为秤斤量两以确定其“正当”与否，那么，这无疑是为正义加上了笼头，限制了防卫行为的实施。这样衡量的结果，就是犯罪行为实施者由此卸了包袱、无所顾忌，防卫者却反倒要瞻前顾后、缩手缩脚。让防卫行为变成犯罪行为的不确定边界的风险，这样更能阻吓犯罪，打消犯罪者的犯罪动机。如此，方能彰显社会正义。（光明网）#踹伤猥亵男男生被解除刑拘##被刑拘男同学父亲痛哭发声#,,"https://wx2.sinaimg.cn/large/63b09f89ly1gi4by9yb5kj20fg0aaq51.jpg,https://wx2.sinaimg.cn/large/63b09f89ly1gi4byaa8r3j20hw09ita9.jpg,https://wx3.sinaimg.cn/large/63b09f89ly1gi4by9m97gj20ei0j8abw.jpg,https://wx3.sinaimg.cn/large/63b09f89ly1gi4byao3s8j20rs148k0l.jpg",,,2020-08-26,iPhone客户端,934,199,40,"踹伤猥亵男男生被解除刑拘,被刑拘男同学父亲痛哭发声",
4542202271767135,JhHSb7pIb,【《焦点访谈》花15分钟关注的这个河南小山村，有何特别之处？】昨晚，央视《焦点访谈》栏目以“牢记嘱托 脱贫攻坚 路子找到了 就要大胆去做”为题，用15分钟时间报道了河南省光山县老区人民牢记总书记嘱托，以更大的热情和信心，沿着绿色发展和生态农业的路子，继续前行，让脱贫后的生活，芝麻开花节节高。《焦点访谈》花15分钟关注的这个河南小山村，有何特别之处？,,"https://wx2.sinaimg.cn/large/63b09f89ly1gi49u4b4jej20u00gz768.jpg,https://wx2.sinaimg.cn/large/63b09f89ly1gi49u4k9qjj20u00gs76y.jpg,https://wx3.sinaimg.cn/large/63b09f89ly1gi49u4tqbmj20u00gwgns.jpg,https://wx1.sinaimg.cn/large/63b09f89ly1gi49u51drij20u00gw0vg.jpg",,,2020-08-26,Android,11,2,3,,
4542198731511965,JhHMt6lkx,【#影院七夕上线1314元电影票#回应：只是彩蛋 不会真正售卖】七夕节当晚，河南信阳一家影院的午夜档的电影票卖到了1314元，虽然可以正常选座，但在售场次都无人购买。该影城负责人回应表示，1314元的票价只是七夕节彩蛋，因为昨天是七夕情人节，“1314”与“一生一世”谐音，挺有意思的。他还表示，这批电影票是不打算售卖的，即使有顾客购买了也会被退款，并称“全国也有其它地方的影院有类似的彩蛋存在，说白了就是图个乐”。@东方今报 东方今报的微博视频,,,"http://f.video.weibocdn.com/rwrwzWuplx07FWd0G3xe01041200bUb00E010.mp4?label=mp4_hd&template=852x480.25.0&trans_finger=1621fcd5d40969f1c74e6b06e52fcd54&ori=0&ps=1BThihd3VLAY5R&Expires=1598453345&ssig=7V337%2FQUPz&KID=unistore,video",,2020-08-26,iPhone客户端,16,6,4,影院七夕上线1314元电影票,东方今报
4542182511610649,JhHmj6L0d,【长这样！#用AI让兵马俑动起来#】#兵马俑动起来什么样#？近日，@大谷Spitzer 用AI技术将兵马俑和名画制作成视频，视频中的兵马俑和名画人物都动了起来。大谷称这是他第一次做这类视频，创作了差不多2个月，在创作的过程中遇到很多困难，想让大家了解更多中国的历史和文化。有料的微博视频  ,,,"http://f.video.weibocdn.com/XowdhNK6lx07FUXyf39u01041200w1EP0E010.mp4?label=mp4_720p&template=1280x720.25.0&trans_finger=1f0da16358befad33323e3a1b7f95fc9&ori=0&ps=1EO8O2oFB1ePdo&Expires=1598453345&ssig=1wur3ISDhG&KID=unistore,video",,2020-08-26,iPhone客户端,34,3,6,"用AI让兵马俑动起来,兵马俑动起来什么样",大谷Spitzer
4542179705632590,JhHhMnDie,【#美国警察枪击黑人引发骚乱##美国威斯康星州进入紧急状态#】当地时间25日，美国威斯康星州基诺沙市黑人男子布莱克遭白人警察开枪受伤所引发的骚乱，仍在持续。鉴于当前形势，该州州长宣布进入紧急状态，并将把当地国民警卫人数增加到250人。据报道，基诺沙郡政府宣布24日晚8时开始实施宵禁令。但抗议者并未遵守，而是上街游行。数小时后，原本和平的示威活动演变成暴力活动。中新视频的微博视频,,,"http://f.video.weibocdn.com/YDNs8kw6lx07FUeefHEY01041200fNuk0E010.mp4?label=mp4_hd&template=852x480.25.0&trans_finger=62b30a3f061b162e421008955c73f536&ori=0&ps=1CwnkDw1GXwCQx&Expires=1598453343&ssig=ghmfQjdJaT&KID=unistore,video",,2020-08-26,iPhone客户端,19,5,2,"美国警察枪击黑人引发骚乱,美国威斯康星州进入紧急状态",
4542175276445060,JhHaDr2EA,【#被警察连开7枪的美国黑人父亲发声# 称其子已半身瘫痪】当地时间23日晚，在美国威斯康星州基诺沙市，一名黑人男子雅各布·布莱克遭警察从背后连开7枪，身受重伤。事件随即引发了激烈的抗议活动，多地被示威者纵火。《国会山报》25日报道，布莱克的父亲表示，布莱克目前腰部以下已经瘫痪。布莱克的父亲对警方的执法表达了不满和质疑，他说：“他们朝我儿子开了7枪，7枪，好像他无关紧要一样。但我的儿子很重要。他是一个人，他很重要！” （微天下）微天下的微博视频,,,"http://f.video.weibocdn.com/oHHLBvwMlx07FVAmzzPq0104120078ur0E010.mp4?label=mp4_hd&template=852x480.25.0&trans_finger=1621fcd5d40969f1c74e6b06e52fcd54&ori=0&ps=4ub7gI97adQ&Expires=1598453325&ssig=kXAy31cmZA&KID=unistore,video",,2020-08-26,iPhone客户端,32,3,6,被警察连开7枪的美国黑人父亲发声,
4542162580808992,JhGQa3osg,#发现身边的温暖# 【洛阳5名支援新疆核酸检测队员归队 一月未见娃抱着爸爸亲了又亲】8月25日，洛阳市5名支援新疆核酸检测队员于下午在郑州解除隔离返回洛阳，一月未见女孩抱着爸爸亲了又亲。据了解，这5名队员在7月19日抵达新疆，先后转辗乌鲁木齐及南疆等地，每天负责检测6万人至8万人，感谢你们的每一次出征，致敬！@东方今报 东方今报的微博视频,,,"http://f.video.weibocdn.com/BUKkXkRslx07FW39mXCU01041200dZUT0E010.mp4?label=mp4_hd&template=852x480.25.0&trans_finger=62b30a3f061b162e421008955c73f536&ori=0&ps=1BThihd3VLAY5R&Expires=1598453347&ssig=mnq4lqeYo7&KID=unistore,video",,2020-08-26,iPhone客户端,57,3,5,发现身边的温暖,东方今报
4542151402983546,JhGy8cw9I,【#被拆除豪华中学农民工三年工资未结#，你被拖欠过工资吗？】陕西省商洛市镇安县的“7.1亿元豪华中学”引关注，8月24日，当地群众告诉@东方今报 记者，该校四层水景喷泉、凉亭、假山等建筑被拆除。据多名当地人反应，2018年起，该校欠数百人工资未结。你被拖欠过工资吗？ 东方今报的微博投票 ,,,,,2020-08-26,iPhone客户端,327,3,10,被拆除豪华中学农民工三年工资未结,东方今报
4542121832621835,JhFMrb03F,【#踹伤猥亵男男生被解除刑拘#，父亲：26日凌晨到家今天吃团圆饭】“孩子26日凌晨1点到的家，今天全家吃团圆饭！”8月26日上午，@东方今报 记者采访时，湖南永州“踹伤猥亵男男生”胡林（化名）的父亲胡师君语带兴奋。此前有消息称，湖南永州市公安局已责令冷水滩分局撤销案件，立即解除对胡某某的刑事拘留，提级由市公安局重新调查。8月26日，据永州新闻网消息，记者从永州市公安局获悉，对近日网民关注的“男学生踹伤猥亵男”案，该局高度重视，已责令冷水滩分局撤销案件，立即解除对胡某某的刑事拘留，提级由市公安局重新调查。对雷某某猥亵他人的违法行为，冷水滩分局依据《中华人民共和国治安管理处罚法》处行政拘留15日。这一消息，@东方今报 记者从男生父亲胡师君处确认此事。胡师君介绍，儿子胡林于26日凌晨1点多到的家，今早（26日）在家吃的早饭，准备全家吃顿团圆饭。“孩子一切都好，我特别高兴。”胡师君表示，他很期待永州市公安局提级调查。此前8月24日、25日，猛犸新闻·东方今报曾连续报道，湖南永州17岁女生李爱（化名）在商场遭52岁雷某某袭胸猥亵，同行18岁男生胡林（化名）阻止雷某某逃跑时将其踹伤，之后男生胡林因涉嫌“故意伤害罪”被警方刑拘。（猛犸新闻·东方今报记者 赵丹） #永州公安重新调查男子踹伤猥亵男案#,,"https://wx3.sinaimg.cn/large/63b09f89ly1gi40jczt7rj20t513mwy7.jpg,https://wx4.sinaimg.cn/large/63b09f89ly1gi40nxg459j20yi19ue2a.jpg,https://wx3.sinaimg.cn/large/63b09f89ly1gi40nu3fx7j20yi18whal.jpg,https://wx3.sinaimg.cn/large/63b09f89ly1gi40kf7us3j20u00yswvp.jpg,https://wx2.sinaimg.cn/large/63b09f89ly1gi40kgpptkj20u016rnla.jpg,https://wx2.sinaimg.cn/large/63b09f89ly1gi40kqg892j20u012o4in.jpg",,,2020-08-26,iPhone客户端,77925,2628,2483,"踹伤猥亵男男生被解除刑拘,永州公安重新调查男子踹伤猥亵男案","东方今报,东方今报"
4542119279067425,JhFIjC2QN,发布了头条文章：《“天山来客”河南镇平安家，社区工作室助力书写民族团结金玉良缘》  “天山来客”河南镇平安家，社区工作室助力书写民族团结金玉良缘 ,http://t.cn/A64Pu3Ft,,,,2020-08-26,微博 weibo.com,19,7,4,,
4542118993082750,JhFHRcVXM,【#父亲谈踹伤猥亵男的男生现状#：已回家 身体状况良好】8月26日，永州市公安局通报，已责令冷水滩分局撤销“男学生踹伤猥亵男”案件，解除对小胡的刑拘，提级由市公安局重新调查。对雷某某猥亵他人行为，冷水滩分局对其处行政拘留15日。小胡父亲称，小胡已回家，身体状况良好，感谢大家关心。 #永州公安重新调查男子踹伤猥亵男案# @紧急呼叫 紧急呼叫的微博视频,,,"http://f.video.weibocdn.com/1QdjDITvlx07FVLNYrcI01041200gU8Q0E010.mp4?label=mp4_hd&template=852x480.25.0&trans_finger=1621fcd5d40969f1c74e6b06e52fcd54&ori=0&ps=4ub7gI97adQ&Expires=1598453308&ssig=ZTGSO5pNBY&KID=unistore,video",,2020-08-26,深度报道 · 视频社区,419,27,20,"父亲谈踹伤猥亵男的男生现状,永州公安重新调查男子踹伤猥亵男案",紧急呼叫
4542089927073056,JhEWYtG1y,【#永州公安重新调查男子踹伤猥亵男案#，#踹伤猥亵男男生被解除刑拘#】据永州新闻网，记者从永州市公安局获悉，对近日网民关注的“男学生踹伤猥亵男”案，该局高度重视，已责令冷水滩分局撤销案件，立即解除对胡某某的刑事拘留，提级由市公安局重新调查。对雷某某猥亵他人的违法行为，冷水滩分局依据《中华人民共和国治安管理处罚法》处行政拘留15日。永州市公安局表示，将坚持严格规范公正文明执法，回应网民对该案的关切。冷水滩区胡某某伤人案提级由永州市公安局重新调查 （人民日报）,,https://wx3.sinaimg.cn/large/63b09f89ly1gi3wxncks4j20u00u0q54.jpg,,,2020-08-26,Android,997,106,102,"永州公安重新调查男子踹伤猥亵男案,踹伤猥亵男男生被解除刑拘",
4542089683273938,JhEWAdJHs,【#外卖小哥在消防赶到前将火灭掉#：怕送单超时】8月24日，浙江衢州，一广告牌忽然着火。一外卖小哥刚巧路过，立马加入到扑火队伍中。因为现场没灭火器，外卖小哥就在水池里舀水灭火。保安拿来灭火器后，大家一起将火灭掉了，整个过程不到6分钟。消防赶到时，火已经被完全扑灭。外卖小哥称，灭完火就去送订单了。#外卖小哥在消防赶到前将火扑灭#（JSTV荔枝视频） JSTV荔枝视频的秒拍视频,,,"https://gslb.miaopai.com/stream/FemTSdCwchJ6yPKB7SpohssGEMlExYIopsbI6g__.mp4?yx=&refer=weibo_app&vend=weibo&label=mp4_hd&mpflag=8&ori=0&ps=1BThihd3VLAY5R&Expires=1598453354&ssig=dZkANYfj%2Bk&KID=unistore,video",,2020-08-26,Android,117,5,5,"外卖小哥在消防赶到前将火灭掉,外卖小哥在消防赶到前将火扑灭",
4542089628753341,JhEWuAJ8V,【致敬！#被洪水卷走战士重返部队#】8月24日，在安徽合肥，第72集团军某旅“抗洪勇士”冒小驰经过32天的精心救治，康复出院。25日，冒小驰正式返回部队，重返岗位，他表示：“目前身体状况非常好，请大家放心”。此前，安徽庐江县石大圩段决堤，冒小驰和战友组成人墙转移群众时被冲入旋涡。@JSTV荔枝视频 JSTV荔枝视频的秒拍视频,,,"https://gslb.miaopai.com/stream/PyPjLDS4O1dXIKtBoaO-zCip~6tlxCljdMwn1A__.mp4?yx=&refer=weibo_app&vend=weibo&label=mp4_hd&mpflag=8&ori=0&ps=1CwnkDw1GXwCQx&Expires=1598453347&ssig=xtRTaU66Id&KID=unistore,video",,2020-08-26,Android,32,4,1,被洪水卷走战士重返部队,JSTV荔枝视频
4541964928421215,JhBHmzkK3,#主播说联播#【TikTok起诉美国政府，郭志坚想到这一句话】郭志坚：中方对合作始终敞开大门，只要对方愿意，包括美国各级政府及企业，都可以在平等互利的基础上积极展开合作。同时，面对霸凌行为，中方也会坚决回击，维护自身正当权益。不是有这么一句话：以斗争求和平，则和平存。合作恐怕也是如此。 央视新闻的微博视频,,,"http://f.video.weibocdn.com/cfPsNz1Llx07FV7BgtXy01041200g74G0E010.mp4?label=mp4_hd&template=480x864.24.0&trans_finger=7c347e6ee1691b93dc7e5726f4ef34b3&ori=0&ps=1CwnkDw1GXwCQx&Expires=1598453294&ssig=RYWL7yHRGt&KID=unistore,video",,2020-08-26,iPhone客户端,26,2,9,主播说联播,
4541935152276337,JhAVl9yb7,【#北京警方起底美容贷#：标价十万的整形手术成本仅四千】近日，北京警方打掉了多个“招工美容贷”诈骗团伙。这些团伙会以“整容后能获得高薪工作”为由诱骗求职者申请美容贷。警方查获的消费明细显示，标价近十万元的综合整形手术，实际成本仅有四千余元，而介绍求职者来的机构可分成八万余元。详情戳↓了解中新视频的微博视频 @中新视频,,,"http://f.video.weibocdn.com/6Z81QPc3lx07FULHh7eg01041200s5kj0E010.mp4?label=mp4_hd&template=852x480.25.0&trans_finger=62b30a3f061b162e421008955c73f536&ori=0&ps=1CwnkDw1GXwCQx&Expires=1598453321&ssig=9CnhfsD9l1&KID=unistore,video",,2020-08-25,iPhone客户端,17,4,6,北京警方起底美容贷,中新视频
4541932002347909,JhAQg9QNv,【#耿爽在联合国批驳美英涉疆错误言论#：虚伪双标】据新华社，中国常驻联合国副代表耿爽当日在联合国安理会有关恐怖行为威胁国际和平与安全问题视频公开会上发言，全面阐述中方在反恐问题上的原则立场，批驳美国和英国代表关于涉疆问题的错误言论。耿爽说，中方坚决反对将反恐问题政治化，坚决反对在反恐中奉行双重标准。海客新闻的秒拍视频,,,"https://gslb.miaopai.com/stream/~i5R8f37ogUuCJTzrjK0OPT~WnIQqp4i2MOGvg__.mp4?yx=&refer=weibo_app&vend=weibo&label=mp4_hd&mpflag=8&ori=0&ps=1CwnkDw1GXwCQx&Expires=1598453345&ssig=194fuqZ5KV&KID=unistore,video",,2020-08-25,iPhone客户端,30,3,6,耿爽在联合国批驳美英涉疆错误言论,
4541922963896676,JhABGglHC,【美军机擅闯我演习禁飞区 国防部发言人吴谦：严重干扰中方正常演训活动】#国防部就美军机擅闯我演习禁飞区发表谈话#今日，美U-2高空侦察机擅自闯入中国人民解放军北部战区实弹演习禁飞区活动，严重干扰中方正常演训活动，严重违反中美海空安全行为准则及相关国际惯例，极易引发误解误判甚至造成海空意外事件，是赤裸裸的挑衅行动，中方对此坚决反对，并已向美方提出严正交涉。中方要求美方立即停止此类挑衅行动，以实际行动维护本地区和平稳定。（国防部发布）,,https://wx4.sinaimg.cn/large/63b09f89ly1gi3dr8ctzmj21jk1jk1kx.jpg,,,2020-08-25,iPhone客户端,55,16,5,国防部就美军机擅闯我演习禁飞区发表谈话,
4541921588150363,JhAzsycht,【#丽江被解救男孩父亲鞠躬致谢#：孩子身体无大碍 感谢所有好心人】8月23日，云南永胜3岁男孩被乘白车女子带走。25日，历时45小时，警方在永胜县永北镇大山上一山洞内找到男童，犯罪嫌疑人何某伟、熊某秀被抓获。男孩身体无大碍，需住院观察几天。男孩父亲鞠躬致谢：“感谢公安，感谢警察，感谢所有好心人”。#丽江被抱走男孩被解救#网页链接  封面新闻的微博视频,,,"http://f.video.weibocdn.com/0043BJ8ggx07FUY9Wlbx01041200qyVN0E010.mp4?label=mp4_hd&template=852x480.25.0&trans_finger=62b30a3f061b162e421008955c73f536&ori=0&ps=1BThihd3VLAY5R&Expires=1598453354&ssig=gJ35vqdIZe&KID=unistore,video",,2020-08-25,iPhone客户端,75,3,4,"丽江被解救男孩父亲鞠躬致谢,丽江被抱走男孩被解救",
4541913573896748,JhAmxglIM,【#华北水利水电大学在信阳建新校区#预计明年9月投入使用】8月24日上午，信阳市人民政府与华北水利水电大学签署校地战略合作协议，决定在罗山县建立华北水利水电大学江淮校区，预计明年9月建成并投入使用。据了解，华北水利水电大学江淮校区规划占地2000亩、招生1万人以上，预计明年9月建成并投入使用。该校区将依托华北水利水电大学在人才培养、科学研究和社会服务等方面的优势，双方携手共建，真正实现优势互补、互惠共赢、携手共进、共同发展。目前，信阳市有院士工作站11家，高新技术企业100多家，高校和在校大学生数量均居我省各省辖市前列，高校、人才集聚效应明显。华水江淮校区的落地，将有力推动河南教育事业发展，推动信阳经济社会发展。华北水利水电大学党委书记王清义表示，华水将以务实的精神、扎实的举措，把江淮校区打造成为建设特色鲜明的高水平水利水电大学的新载体、助力罗山县域经济高质量发展的新引擎、推进信阳加快构建“四区一屏障一枢纽”的新支撑，为教育强国、教育强省贡献华水智慧和华水方案。“此次华北水利水电大学江淮校区落地罗山县，是对我市特别是罗山县教育事业的一次极大提升，也必将为我市经济社会发展提供强有力的智力支持和人才保障。”信阳市委副书记、市长尚朝阳表示，市委市政府将全力支持校地合作项目建设，履行好战略合作协议约定的责任和义务，真正让华北水利水电大学的智力精华、办学智慧在老区信阳落地生根。（来源：大河网）,,https://wx2.sinaimg.cn/large/63b09f89ly1gi3coh132qj21jk1jk1kx.jpg,,,2020-08-25,iPhone客户端,10,2,1,华北水利水电大学在信阳建新校区,
4541907546414960,JhAcOqUP6,#河南七夕鹊桥彩虹#【河南彩虹与粉色天空同框 网友：七夕彩虹鹊桥已搭好】8月25日七夕节，河南信阳，市民朋友圈已经被傍晚的一道靓丽的彩虹刷爆，七夕彩虹鹊桥也已经搭好了，信阳网友：今天七夕，欢迎大家到信阳相亲哟！@沸点天际线 视频|河南信阳彩虹与粉色天空同框刷屏 网友：七夕彩虹鹊桥已搭好 沸点天际线的微博视频 ,,,"http://f.video.weibocdn.com/nwoLZOHwlx07FUUclUhG01041200i61B0E010.mp4?label=mp4_720p&template=1280x720.25.0&trans_finger=1f0da16358befad33323e3a1b7f95fc9&ori=0&ps=1CwnkDw1GXwCQx&Expires=1598453361&ssig=WfwE0Wt2ZO&KID=unistore,video",,2020-08-25,iPhone客户端,42,2,5,河南七夕鹊桥彩虹,沸点天际线
4541901753303927,JhA3tdRv9,#2019中国平均初婚年龄约25至26岁#【七夕扎心数据：为什么年轻人结婚越来越晚？】又是一年一度七夕节，让人想起牛郎织女的爱情故事。反观当下的婚姻状况，国家统计局数据显示，中国结婚人数自2003年起“六连降”，南开大学教授原新称，2019年中国平均初婚年龄约25~26岁，达到历史最高。是因为教育水平提高了？还是因为加班太多了？影响结婚年龄的因素都有哪些？你觉得，为什么年轻人结婚越来越晚？新京报动新闻的秒拍视频,,,"https://gslb.miaopai.com/stream/grI~h243fVKmlO6veBTduFGDg8hHTAUdZupYmg__.mp4?yx=&refer=weibo_app&vend=weibo&label=mp4_hd&mpflag=8&ori=0&ps=1BThihd3VLAY5R&Expires=1598453361&ssig=fZ%2FQdoRwjX&KID=unistore,video",,2020-08-25,iPhone客户端,58,12,5,2019中国平均初婚年龄约25至26岁,
4541888332565748,JhzHPaLt2,#发现身边的温暖##四川拟授跪地救人医学生优秀毕业生#【成都中医大两学生跪地施救，四川拟授予省优秀大学毕业生称号】8月14日，成都中医药大学彭婕婷、陈家利两名研究生同学在常德火车站积极救助昏迷乘客，危机时刻沉着施救，轮流进行心肺复苏，直至救护车到达。两名同学的施救行为受到社会广泛关注和新闻媒体好评。四川省教育厅相关负责人在接受记者采访时表示，目前，教育厅研究，拟对两名同学进行表彰，授予他们“四川省优秀大学毕业生”称号，以进一步树立先进典型，弘扬正能量。川报观察客户端成都中医大两学生跪地施救，四川拟授予省优秀大学毕业生称号 看看新闻KNEWS的秒拍视频,,,"https://gslb.miaopai.com/stream/qsmbeFtVwkBozvLw4iBgv4Vi8T9t0fnkjBpDeA__.mp4?yx=&refer=weibo_app&vend=weibo&label=mp4_hd&mpflag=8&ori=0&ps=1CwnkDw1GXwCQx&Expires=1598453355&ssig=xWBLKSH2nX&KID=unistore,video",,2020-08-25,iPhone客户端,80,10,2,"发现身边的温暖,四川拟授跪地救人医学生优秀毕业生",
4541887886670251,JhzH6rZeH,【从业19年，#邮政投递员亲手将北大通知书投递给儿子#】近日，湖北鄂州。邮政投递员龙战军将北京大学录取通知书送到了儿子手里。龙战军说，从事投递工作近19年，每年会为很多高考生送去录取通知书，今年终于也能亲手为儿子送上。澎湃新闻的微博视频 ,,,"http://f.video.weibocdn.com/002V8gEygx07FUBjtEwn01041200t8jG0E010.mp4?label=mp4_720p&template=1280x720.25.0&trans_finger=11ccc9c970f47cffd9369c72510b3033&ori=0&ps=1EO8O2oFB1ePdo&Expires=1598453357&ssig=rS2uc5RxX5&KID=unistore,video",,2020-08-25,iPhone客户端,36,1,3,邮政投递员亲手将北大通知书投递给儿子,
4541879989838304,JhzumFhok,【#香港发生大劫案#！黑衣人持大刀大锤闯入金店 1分半洗劫百万珠宝】据港媒报道，25日上午9时38分，香港粉岭地区发生一起严重的珠宝店抢劫案。两名身穿黑灰色衣服的劫匪，手持牛肉刀和大铁锤闯进珠宝店，二话不说直接用铁锤猛砸珠宝柜台。据了解，劫匪作案时还有顾客在场，作案时间仅仅只有1分25秒。偷走4盘金器后，两人立刻扬长而去，乘私家车离开现场。更令人细思极恐的是，案发前一分钟曾有警车经过珠宝店，不排除劫匪早已踩点。海客新闻的秒拍视频,,,"https://gslb.miaopai.com/stream/~~SU6o~ajfmtZY~AtDE9v416X-o2bvIoPeEPlg__.mp4?yx=&refer=weibo_app&vend=weibo&label=mp4_hd&mpflag=8&ori=0&ps=1CwnkDw1GXwCQx&Expires=1598453316&ssig=HSLJVuq5wF&KID=unistore,video",,2020-08-25,iPhone客户端,14,5,2,香港发生大劫案,
4541878873108094,Jhzszd2yy,#发现身边的温暖# 【是梦想的声音！#山区小学开摇滚演唱会#】贵州大湾镇有一间海嘎小学，这里的孩子们在老师的带领下组建了摇滚乐队。最近，他们举办了一场属于自己的演唱会。“希望孩子们能带着对未知世界的憧憬，勇敢走出大山，飞得更高……”有梦想谁都了不起。#乘风破浪的海嘎少年#，加油！  人民日报的微博视频,,,"http://f.video.weibocdn.com/WXR1IwJglx07FUDY7KwU01041201KKpt0E010.mp4?label=mp4_hd&template=852x480.25.0&trans_finger=1621fcd5d40969f1c74e6b06e52fcd54&ori=0&ps=1BThihd3VLAY5R&Expires=1598453361&ssig=S6XaO%2BbTlr&KID=unistore,video",,2020-08-25,深度报道 · 视频社区,19,3,3,"发现身边的温暖,山区小学开摇滚演唱会,乘风破浪的海嘎少年",
4541877552680341,Jhzqrbfhj,【#赵立坚用两个反问回击蓬佩奥#：中国是机遇而不是威胁】8月25日，外交部发言人赵立坚表示，美个别政客言必称“中国威胁”，但无论是《中国共产党章程》还是《中华人民共和国宪法》，都明确表明中国坚持和平发展道路，反对霸权主义。相比之下美国从未作出过像中国这样的政策宣示。放眼当今地区、国际热点敏感问题，试问有哪个是中国造成的?又有哪些问题的背后没有美个别政客“忙前忙后”的影子?这些人必须认清并接受的现实是，对包括美国在内的国际社会而言，中国是促进全球和平繁荣的积极力量而不是消极因素，是机遇而不是威胁。人民视频的微博视频,,,"http://f.video.weibocdn.com/4WSJuFk5lx07FUGLFvYk01041200adq30E010.mp4?label=mp4_hd&template=480x852.24.0&trans_finger=7c347e6ee1691b93dc7e5726f4ef34b3&ori=0&ps=1BThihd3VLAY5R&Expires=1598453361&ssig=HtIwlrpfAs&KID=unistore,video",,2020-08-25,iPhone客户端,7,4,2,赵立坚用两个反问回击蓬佩奥,
4541876629930049,JhzoWFFg5,【#被刑拘男同学父亲痛哭发声#：担心儿子前途，后悔没有答应赔偿】近日，湖南永州，17岁女生李爱（化名）在商场遭52岁雷某某猥亵，同行18岁男生胡林（化名）阻止雷某某逃跑时将其踹伤，之后胡林因涉嫌“故意伤害罪”被警方刑拘。8月25日，当地警方公开回应此事，@东方今报 记者第一时间专访当事男生父亲。网页链接  东方今报的微博视频,,,"http://f.video.weibocdn.com/qHxQJS4plx07FUN6PINi01041200uIYr0E010.mp4?label=mp4_hd&template=852x480.25.0&trans_finger=1621fcd5d40969f1c74e6b06e52fcd54&ori=0&ps=1CwnkDw1GXwCQx&Expires=1598453324&ssig=H28sBYaMUX&KID=unistore,video",,2020-08-25,微博视频,27831,1898,1318,被刑拘男同学父亲痛哭发声,东方今报
4541874133535472,JhzkVePJK,【#驻香港部队进行第23次轮换# 】8月25日，根据《中华人民共和国香港特别行政区驻军法》的规定和中央军委命令，中国人民解放军驻香港部队陆海空三军部分建制单位、装备进行轮换。这是驻香港部队进驻以来的第23次建制单位轮换行动，得到了香港特区政府有关部门的通力合作和大力支持。驻香港部队通过进行人员和装备的轮换，将进一步提升驻军履行香港防务职责的能力！#奋斗强军# @驻香港部队   解放军报的微博视频,,,"http://f.video.weibocdn.com/Z7Ar1gAylx07FUDDAmJa01041200yyqg0E010.mp4?label=mp4_hd&template=852x480.25.0&trans_finger=1621fcd5d40969f1c74e6b06e52fcd54&ori=0&ps=1BThihd3VLAY5R&Expires=1598453362&ssig=B570PXnSdv&KID=unistore,video",,2020-08-25,iPhone客户端,7,0,1,"驻香港部队进行第23次轮换,奋斗强军",驻香港部队
4541869109808942,JhzcOF9KK,#时刻准备战斗#【超燃卡点！#海军陆战队版绝地求生#】当绝地求生与海军陆战队碰撞出火花，当“吉普”、“蹦蹦”变成山猫、步战车，当“海岛”、“丛林”变成真正的“刺激战场”，以“绝地求生”方式打开海军陆战队会发生什么呢？戳视频↓↓海军陆战队带你体验真人版“绝地求生”！#奋斗强军#（人民海军）  解放军报的微博视频,,,"http://f.video.weibocdn.com/xy6vh6wFlx07FUiWs9dm01041200BhhY0E010.mp4?label=mp4_hd&template=852x480.25.0&trans_finger=62b30a3f061b162e421008955c73f536&ori=0&ps=1BThihd3VLAY5R&Expires=1598453362&ssig=UDyPS9dNv0&KID=unistore,video",,2020-08-25,iPhone客户端,6,1,4,"时刻准备战斗,海军陆战队版绝地求生,奋斗强军",
4541867302324029,Jhz9U9KAl,【#长沙交警回应七夕心形红灯#：打造“爱TA就护TA安全”的概念】七夕节，湖南长沙街头多个红灯由圆形变成了心形。交警回应称，七夕节推出爱心红灯，是给全体市民的一次表白，让驾驶员在等红灯时看到，可以更好地扩展红绿灯的意义，主要是打造“爱TA就护TA安全”的概念，也提醒车主出行要遵守交通规则，才能够安全回家见到你所爱的人。JSTV荔枝视频的秒拍视频  #长沙心形红绿灯#,,,"https://gslb.miaopai.com/stream/ioUhTEMAx2t3ghPX1rjljytIWBtW8UNHLMXdNA__.mp4?yx=&refer=weibo_app&vend=weibo&label=mp4_hd&mpflag=8&ori=0&ps=1BThihd3VLAY5R&Expires=1598453363&ssig=yDxQTWwdX7&KID=unistore,video",,2020-08-25,iPhone客户端,6,4,1,"长沙交警回应七夕心形红灯,长沙心形红绿灯",
4541866681566977,Jhz8U6zDP,如果你是她的盖世英雄，七夕就带她领取天宫婚书  如果你是她的盖世英雄，七夕就带她领取天宫婚书 ,,,,,2020-08-25,微博 weibo.com,0,0,0,,
4541866232260023,Jhz8b9tVZ,#发现身边的温暖# 【许昌魏都区一工地塌方工人被埋，消防徒手扒土救人】#工地塌方消防员扒土救人# 8月24日，许昌市魏都区一施工工地发生塌方事故，一名工人被埋。许昌市消防救援支队闻警出动，由于现场救援空间狭小，深沟一侧仍有坍塌的危险，参战人员小心翼翼徒手扒土救人，经过近20分钟的立即紧张救援，成功将被困人员救出。@东方今报  东方今报的微博视频,,,"http://f.video.weibocdn.com/mwg0GPbBlx07FUKhBAU801041200e8cp0E010.mp4?label=mp4_hd&template=852x480.25.0&trans_finger=62b30a3f061b162e421008955c73f536&ori=0&ps=1BThihd3VLAY5R&Expires=1598453363&ssig=VYlZC3p5kv&KID=unistore,video",,2020-08-25,微博视频,20,0,0,"发现身边的温暖,工地塌方消防员扒土救人",东方今报
4541862914556709,Jhz2Pj7pj,#发现身边的温暖# 【别样浪漫！#军营婚礼拿军用水壶喝交杯酒#】为了国庆阅兵、疫情防控等任务，他们默默撕掉请假条、一次次推迟婚期……七夕前夕，北京卫戍区某团为18名官兵举办军营集体婚礼。“往后余生，你守着国，我守着你！”新郎、新娘拿着军用水壶喝下幸福交杯酒，真甜（央视军事）  央视军事的微博视频 ,,,"http://f.video.weibocdn.com/TaaovOuAlx07FUiKKhyU01041200KDfZ0E010.mp4?label=mp4_hd&template=852x480.25.0&trans_finger=1621fcd5d40969f1c74e6b06e52fcd54&ori=0&ps=1BThihd3VLAY5R&Expires=1598453363&ssig=JT5qz1Z1QY&KID=unistore,video",,2020-08-25,iPhone客户端,9,1,2,"发现身边的温暖,军营婚礼拿军用水壶喝交杯酒",
4541861111008966,JhyZV4etE,【#被拆除豪华中学农民工三年工资未结#，相关部门：不清楚】8月24日，当地群众告诉记者，该校四层水景喷泉、凉亭、假山等建筑被拆除。据多名当地人反应，2018年起，该校欠数百人工资未结。镇安县居民陈明告诉@东方今报 记者，自己2018年在镇安中学务工，原本承诺2019年结清，最后只在9月1日和年底给了三千元（一小部分），承诺让孩子报名（上镇安中学）作为补偿。记者随后联系该包工人员刘鹏。刘鹏告诉记者，2018年开始，自己和另一名老乡组织几个人，在镇安中学负责建学校围墙、宿舍，校方至今欠他们60余万工钱。“学校一直没给钱，找政府也是踢皮球，”刘鹏说，“去劳动局（人事和劳动保障局）让找政府，政府让去信访局、教育局，教育局没钱，推过来推过去。这笔钱应该是去年年底结的，因为当时活已经干完交工了。”“好多人都是娃急着去上学。”他告诉记者，在建镇安中学过程中，有数百名务工人员工资未结清。8月24日，记者致电镇安县人事和劳动保障局，反映拖欠镇安中学务工人员工资问题，对方让拨打另一个电话，但并未打通。随后，记者也就此事求证镇安县宣传部，对方仍表示“不清楚”。（猛犸新闻·东方今报记者 王姝 文图 应采访对象要求，陈明、刘鹏均为化名）  东方今报的微博视频,,,"http://f.video.weibocdn.com/WJTKzlpKlx07FUISgrHO01041200AWli0E010.mp4?label=mp4_hd&template=852x480.25.0&trans_finger=1621fcd5d40969f1c74e6b06e52fcd54&ori=0&ps=1BThihd3VLAY5R&Expires=1598453363&ssig=O%2FKAl6MoIw&KID=unistore,video",,2020-08-25,微博视频,27047,1409,786,被拆除豪华中学农民工三年工资未结,东方今报
4541857461179630,JhyU24WSi,【可可爱爱！#男童打针边哭泣边道谢#】近日，江苏扬州的一位爸爸陪儿子在医院打针时记录下有趣一幕。一名医生正在给萌娃固定针管，爸爸让萌娃跟阿姨说谢谢，萌娃边抽泣边应和着爸爸，最后萌娃哭泣着跟医生阿姨说了声谢谢。网友：宝宝太可爱了，希望早日康复~（未来网）未来网的微博视频 ,,,"http://f.video.weibocdn.com/LA6DnzCUlx07FTtMYhYY010412006GIj0E010.mp4?label=mp4_hd&template=852x480.25.0&trans_finger=62b30a3f061b162e421008955c73f536&ori=0&ps=1BThihd3VLAY5R&Expires=1598453363&ssig=S8qwl7UNhO&KID=unistore,video",,2020-08-25,iPhone客户端,32,0,5,男童打针边哭泣边道谢,
4541857378600507,JhyTTA5nR,【#中方候选人当选国际海洋法法庭法官# 外交部：反映国际社会对中方的认可】联合国海洋法公约》第30次缔约国会议刚刚举行的国际海洋法法庭法官选举中，中国候选人段洁龙大使成功当选国际海洋法法庭法官。8月25日，外交部发言人赵立坚表示，中方候选人段洁龙大使得到了绝大多数《公约》缔约国的广泛支持，反映了国际社会对中方推荐的候选人资质的认可，是对中方20多年来对法庭工作贡献的肯定，体现了国际社会维护多边主义和国际法治的决心。中方胜选再度证明，个别国家出于一已私利围堵打压中方候选人是不得人心的，徒劳的。相信当选法官们将会公正履职，为法庭工作、和平解决海洋争端作出应有的贡献。人民视频的微博视频,,,"http://f.video.weibocdn.com/oTq4vRCelx07FUGedTTO010412008DI60E010.mp4?label=mp4_hd&template=480x852.24.0&trans_finger=7c347e6ee1691b93dc7e5726f4ef34b3&ori=0&ps=1BThihd3VLAY5R&Expires=1598453363&ssig=MIJDqG4Iy9&KID=unistore,video",,2020-08-25,iPhone客户端,7,0,1,中方候选人当选国际海洋法法庭法官,
4541839494093975,Jhyr3hb1R,【#东京本月已有170人中暑死亡#】受高气压影响，日本多地8月以来持续高温，局地最高温甚至超过41℃，追平日本最高气温纪录。据日本NHK电视台24日报道，8月以来，仅东京都就有170人因中暑死亡。根据预测，高温现象还将持续一段时间。 央视新闻的微博视频  ,,,"http://f.video.weibocdn.com/vzy4ibV0lx07FUtu6VBu01041200euAW0E010.mp4?label=mp4_720p&template=1280x720.25.0&trans_finger=1f0da16358befad33323e3a1b7f95fc9&ori=0&ps=1CwnkDw1GXwCQx&Expires=1598453359&ssig=nsV9ak6Cov&KID=unistore,video",,2020-08-25,iPhone客户端,6,0,0,东京本月已有170人中暑死亡,
4541823228322380,Jhy0OyV1W,【你戏弄孩子取乐的样子，真的很丑】目前在视频平台已经搜索不到佩琪的相关视频，根据网友提供的资料，这对父母的确是把“超重”“能吃”作为吸睛点。仅看标题：“2岁半50斤”，“3岁已经超过60斤”，“70斤”，“马上突破100斤”……语气当中也能看出几分“骄傲”的意味。引发众怒之后，对于让孩子当“吃播”赚钱的质疑，两人回应称并不属实，虽确实“赚了几百元”，但拍视频纯粹只是为了好玩，“我也没说靠这个赚钱啊，她吃的钱比我发（视频）赚的还多。”首先，我认为这对父母可能最初真是觉得“好玩”。佩琪曾在饮食过程中央求“别弄了别弄了别弄了”，其父母却还是一边嘴上答应，一边把她刚吃空的盘子加满。这跟有的家长故意弄哭孩子，戏弄他们并拍视频取乐，是一个心理。实际上，小孩被吓哭，小孩被灌醉，小孩被戏弄……以小孩子取乐，大人在一旁哄笑的视频不少见。这对父母在视频网站上的粉丝只有5157个，单条视频播放量却最高达55.6万。“娱乐至死”的时代，尽管此刻网友讨伐声四起，但这50多万播放中，有多少人跟这对父母一样，觉得“好玩”呢？再来说，对于这对父母的回应，多数网友并不买账，因为视频发布者曾回复称：“爸爸不赚钱”。这让我想起去年微博上曾经有一个母亲在马路上踹踢3岁童模女儿的视频引发的热议。在童模行业，一些较红的童模收入不菲，甚至一年能挣一套房，所以就出现了三四岁的小孩不配合拍摄，被父母体罚的新闻。有些家长可能一开始是抱着尝鲜的心态带孩子去的，但是当孩子逐渐走红，收益越来越大，拒绝就变得越来越困难。从童模来到吃播，行业变了，本质还是一样。佩琪的父母即便是因为好玩才开始拍的视频，尝到收益甜头之后，也很有可能更加促使他们继续拍下去。当然，无论是觉得“好玩”，还是为了赚钱，都赤裸裸地体现着佩琪父母对儿童权益的漠视，也挑战着大众的道德底线。目前，视频平台已经封禁了视频和账号。以儿童为工具来取乐或者赚钱的事情不是第一次，也不会是最后一次，但是希望全社会的家长和大人在一次又一次的极端新闻之后，开始学会把自己的小孩当真正的“人”来看。#父母回应3岁女孩被喂到70斤当吃播#（特约评论员 栗鑫）,,https://wx3.sinaimg.cn/large/63b09f89ly1gi32aj3z3tj20ik0hmk8y.jpg,,,2020-08-25,微博 weibo.com,81,13,13,父母回应3岁女孩被喂到70斤当吃播,
4541820539779099,JhxWtF1Zp,【央行回应：#数字人民币正式推出没有时间表#】中国人民银行货币政策司司长孙国峰25日在国务院政策例行吹风会上表示：中国数字人民币正式推出没有时间表。@国是直通车   国是直通车的微博视频 ,,,"http://f.video.weibocdn.com/eh8Lml8Klx07FUhW9DdC01041200qgU00E010.mp4?label=mp4_720p&template=1268x720.25.0&trans_finger=1f0da16358befad33323e3a1b7f95fc9&ori=0&ps=1CwnkDw1GXwCQx&Expires=1598453364&ssig=OYr%2BCjy9sY&KID=unistore,video",,2020-08-25,iPhone客户端,5,3,6,数字人民币正式推出没有时间表,国是直通车
4541820481308621,JhxWo5uqN,【#肯德基暂停使用吮指广告语#，疫情期间不建议“吮指回味”】24日肯德基称，为切合新冠疫情形势，将暂停使用拥有64年历史的“吮指回味，自在滋味”广告语。声明中说，“有的标志性广告语不完全契合当前的局势。虽然我们正在停止使用‘吮指回味，自在滋味’的广告语，但请相信，这种全世界很多人都喜爱的食物口味不会有任何改变。”#肯德基暂停使用64年广告语# NBD视频的微博视频,,,"http://f.video.weibocdn.com/000F9Dmegx07FUmyFDpd010412006BtT0E010.mp4?label=mp4_hd&template=852x480.25.0&trans_finger=62b30a3f061b162e421008955c73f536&ori=0&ps=1EO8O2oFB1ePdo&Expires=1598453306&ssig=5VO%2F70gQO7&KID=unistore,video",,2020-08-25,iPhone客户端,24,5,4,"肯德基暂停使用吮指广告语,肯德基暂停使用64年广告语",
4541812096631767,JhxIRrPdZ,【#美国男子试图用脚踩灭漫山野火# 恰巧被电视台拍下 主持人惊呆了】当地时间21日，美国凤凰城一名叫墨菲的男子慢跑时遇到山火，在没有任何工具的情况下他竟直接开始用脚踩灭大火。这一幕正好被电视台的直升机拍下，节目主持人当场惊呆了。海客新闻的秒拍视频  ,,,http://gslb.miaopai.com/stream/nLB7n-2dj1LYBhof1RZVdirprySujMGNnyNqgA__.mp4?yx=&refer=weibo_app&vend=weibo&label=mp4_720p&mpflag=32,,2020-08-25,iPhone客户端,29,6,5,美国男子试图用脚踩灭漫山野火,
4541798557684174,Jhxn1wf0i,#李宇春发布全新单曲Good Good#今天零点，@李宇春 全新单曲《Good Good》正式上线。通过轻快动感的复古旋律，对生活充满热爱的歌词，推广Good Good理念。鼓励着大家从今天起，从自己开始，每天做一件小小的善意事情，让世界变得更好。据工作室介，这首歌的创作契机则源于李宇春的一些期望。她希望大家在一些小事情上可以做一些改变。无论是少用塑料，改用自带杯，偶尔吃一口植物肉，都可以帮助降低温室气体排放，保护我们的地球。李宇春希望更多人能一起坚持做对的事情，让好变更好。七夕发布的这首歌曲也是甜蜜十足，MV中李宇春身着白色卫衣，与身边的伙伴一起跳起了点赞舞～阳光洒满每个角落，一起感受生活的美好@净看明星 净看明星的微博视频,,,"http://f.video.weibocdn.com/WC5ScNMolx07FUrHPT7a01041201cNvW0E010.mp4?label=mp4_hd&template=852x480.25.0&trans_finger=1621fcd5d40969f1c74e6b06e52fcd54&ori=0&ps=1BThihd3VLAY5R&Expires=1598453364&ssig=yJhfZh2Fqs&KID=unistore,video",,2020-08-25,娱乐综合 · 视频社区,143,23,31,李宇春发布全新单曲Good Good,"李宇春,净看明星"
4541798279819180,JhxmzFcpS,【#港大证实有康复者二次感染新冠# 属全球首例】8月24日，港媒称当地出现全球首宗新冠肺炎二次感染个案。4月中旬，这名感染新冠的33岁男子康复出院；8月6日-15日，他经英国伦敦前往西班牙旅游，返港后病毒检测再次呈阳性。专家经过对比发现两次病毒株基因排序有明显不同。@紧急呼叫 紧急呼叫的微博视频,,,"http://f.video.weibocdn.com/RqqWNKxOlx07FUjjsHMQ01041200kxON0E010.mp4?label=mp4_hd&template=852x480.25.0&trans_finger=1621fcd5d40969f1c74e6b06e52fcd54&ori=0&ps=1BThihd3VLAY5R&Expires=1598453364&ssig=dbHB9nkpaN&KID=unistore,video",,2020-08-25,iPhone客户端,8,0,7,港大证实有康复者二次感染新冠,紧急呼叫
4541783172984782,JhwYdcwtE,#丽江被抱走男孩被解救#【#云南遭女子抱走3岁男孩被救#：两名嫌疑人被抓】8月23日，永胜警方接到群众报警称，一男孩被一乘坐白色车辆的女子抱上车后带走，经45小时连续奋战，于8月25日7时许在永胜县永北镇大山上一山洞内找到被抱走的男孩，并在永北镇境内将犯罪嫌疑人何某伟（男，51岁，云南永胜县人）、熊某秀（女，56岁，云南永胜县人）抓获，缴获白色涉案车辆一辆。目前，案件正在进一步办理中。（人民日报记者杨文明）,,https://wx2.sinaimg.cn/large/63b09f89ly1gi2xpcnokij20u016g422.jpg,,,2020-08-25,iPhone客户端,51,13,9,"丽江被抱走男孩被解救,云南遭女子抱走3岁男孩被救",
4541779750432145,JhwSH1Oq5,【#被刑拘男同学父亲痛哭发声#：担心儿子前途，后悔没有答应赔偿】8月25日，@冷水滩公安 发布案情通报，公开回应此事，@东方今报 记者再次专访当事男生胡林（化名）父亲胡师君。 记者：对案情通报怎么看？胡师君：案情通报中，对雷两次猥亵女性行为只字未提。而且听我小孩陈述，他只踢了他（雷某某）一脚，没有对他（雷某某）进行二次攻击，也不存在二次伤害。案情通报中，缺失当事女生在报了警的情况下，雷某某明知自己犯法才逃跑的细节。到目前为止，警方承诺的对他（雷某某）行政拘留还是一纸空谈，实际上他7月2号已经出院。 记者：是否曾给雷某某垫付1万元医药费？胡师君：是的，出于良知，我们也希望他（雷某某）早点好起来。 记者：您是否在医院亲眼见到雷某某？胡师君：见到了，他骨折，不能动了。我记得伤情报告是轻伤。 记者：事发后，当事女生是否接受赔偿300元，这300元是什么名义？胡师君：孩子事后讲的，赔偿了300元。当时派出所把猥亵人带到派出所，并让当事女生检查身体，这300元是女生医院检查费和打车费等。他们双方之后签了份协议，以后互相不追责。 记者：协议在哪里？当时警方如何处理雷某某的？胡师君：协议没有给。没有追究他的责任，让他（雷某某）走了。 记者：在派出所协商时情况如何？胡师君：当天我带着律师陪孩子一起去的，对方有个自称是他亲戚的男的，一看就是社会上的人，我担心孩子受影响，就向警方提出不让孩子和对方面对面接触。后来对方提出索赔20万，我家里条件一般，也觉得不合理，没谈拢。 记者：监控视频中，两个孩子是手挽手的，警方通报称他们是男女朋友关系，是吗？胡师君：他们可能是比较聊的来。 记者：下一步您有何打算？是否考虑请律师或要求保释？胡师君：希望检察院监督重新调查。这几天几乎没有睡，进食都困难。律师请了，但是没有考虑起诉公安，我们也不懂，如果要求保释，是否意味着承认自己孩子有错？我不敢去想。 记者：您有何心里话？胡师君：思念孩子。我孩子爱音乐，爱弹吉他，爱唱歌，想当音乐老师。这几天我一直看他的照片，难受的很，他没吃过苦（痛哭流涕）……我担心他在看守所，也焦虑他的未来。孩子因为这件事高考已经受影响，现在被刑拘，以后的人生怎么办？早知道这样，我当时应该砸锅卖铁答应赔偿他（雷某某）20万！事情了结了，也许我儿子就不会被拘留了。都怪我！ 记者：您的期待是什么？胡师君：我期待有关部门秉公处理。我同时希望，另外那位被猥亵的女性（当天另一位被袭胸猥亵的女生）能够站出来指证雷某某。（猛犸新闻·东方今报记者 赵丹 受访者供图）,,"https://wx3.sinaimg.cn/large/63b09f89ly1gi2x57j837j20go08uwpa.jpg,https://wx4.sinaimg.cn/large/63b09f89ly1gi2x5amovjj20go0o4k4k.jpg,https://wx4.sinaimg.cn/large/63b09f89ly1gi2x5dro8tj20go0m4aqw.jpg,https://wx3.sinaimg.cn/large/63b09f89ly1gi2x5kti11j20go0b3dx3.jpg",,,2020-08-25,微博 weibo.com,358619,10774,47214,被刑拘男同学父亲痛哭发声,"冷水滩公安,东方今报"
4541773391601478,JhwIr6ICi,【#奶爸流水线式带三胞胎女儿# 网友：甜蜜的烦恼】江苏苏州，一位奶爸照顾三胞胎女儿的视频走红。三个萌娃从起床洗脸刷牙，到睡前洗脚上床花样百出，奶爸像流水线的工人手忙脚乱。妈妈李女士说，孕期因身体原因差点放弃，爸爸平时很宠她们，只希望她们健康快乐长大。@沸点视频 沸点视频的微博视频 ,,,"http://f.video.weibocdn.com/rntZ060Slx07FSSKn5du01041200uLNa0E010.mp4?label=mp4_hd&template=480x852.24.0&trans_finger=7c347e6ee1691b93dc7e5726f4ef34b3&ori=0&ps=4ub7gI97adQ&Expires=1598453362&ssig=ATxlUxGwxl&KID=unistore,video",,2020-08-25,Android,90,12,14,奶爸流水线式带三胞胎女儿,沸点视频
4541767331095073,JhwyF4ASt,【转存！你应该学会的#五步心肺复苏法#】日前，中国红十字会总会和教育部联合印发通知，#心肺复苏将被纳入教育内容#。在中国几乎每分钟发生一次心脏猝死事件，而心脏骤停的抢救成功率不到1%。在最初4—6分钟黄金时间，有效实施心肺复苏将赢得宝贵抢救机会。多一人学会，就可能多救一条命。扩散！ 人民日报的微博视频,,,"http://f.video.weibocdn.com/003RNB0Jlx07x0QAD7lS01041200gPVT0E010.mp4?label=mp4_hd&template=852x480.24.0&trans_finger=ac6fb6d5c49a67fe2901ae638b222ab2&ori=0&ps=1CwnkDw1GXwCQx&Expires=1598453343&ssig=WuDL6c7E2K&KID=unistore,video",,2020-08-25,Android,14,3,14,"五步心肺复苏法,心肺复苏将被纳入教育内容",
4541756051306000,Jhwgt5tKw,#发现身边的温暖# 【被甜到了！消防员丈夫为护士妻子补上迟到两年的“求婚”】30岁的曹龙是@苏州消防一名消防员，他的妻子焦景是西安的一名抗疫医护人员，夫妻俩相隔1300多公里。他的心里很愧疚，和爱人相识3年，结婚2年，连个求婚仪式都没有。七夕节到了，妻子专程来苏州探亲，曹龙想补上遗憾。在队友的帮助下，曹龙手捧玫瑰单膝下跪，补上迟到两年的“求婚”！祝福！@蟹视频 蟹视频的秒拍视频,,,"https://gslb.miaopai.com/stream/J05PWChYBKJM0DT2raindNHSnIWGZ1gK-RYO7g__.mp4?yx=&refer=weibo_app&vend=weibo&label=mp4_hd&mpflag=8&ori=0&ps=1BThihd3VLAY5R&Expires=1598453365&ssig=hrjmpbxzOr&KID=unistore,video",,2020-08-25,iPhone客户端,15,2,2,发现身边的温暖,"苏州消防一名消防员,蟹视频"
4541753174014543,JhwbPgQmH,【#女孩高考超一本线132分不敢算学费# 相当于全家一年多收入】王宝丽家住陕西汉中市勉县的大山里，妈妈在外打零工，爸爸身体不好，父女俩靠养鸡编篮子等补贴家用，一年只挣三四千元。今年高考她考出583分，比本一分数线高132分，但6000元学费相当于全家一年多的收入。网页链接一起帮帮她！ ,,,,,2020-08-25,iPhone客户端,60,20,2,,
4541747982241549,Jhw3s9p81,【#心肺复苏将被纳入教育内容#】近日，中国红十字会总会和教育部联合印发通知，将学生健康知识、急救知识，特别是心肺复苏纳入教育内容。通知指出，学校红十字工作要把健康教育作为素质教育的重要内容，针对青少年生理、心理特点，积极开展红十字应急救护培训。中国红十字会总会和教育部联合印发通知 要求进一步加强和改进新时代学校红十字工作  ,,https://wx2.sinaimg.cn/large/63b09f89ly1gi2tnuh63cj20ot0p0dj7.jpg,,,2020-08-25,iPhone客户端,12,0,1,心肺复苏将被纳入教育内容,
4541738531957869,JhvOd8dkx,【#警方通报男生踢伤猥亵男被刑拘#：故意伤害案】据@冷水滩公安 ：8月21日，湖南永州冷水滩公安分局在办理一起故意伤害案中， 对胡某某(男，2002年1月7日出生)予以刑事拘留。经查: 6月1日18时36分，在冷水滩区某商场内，雷某某(男，1966年2月4日出生)用手臂故意碰撞艾某某(女，2002年9月17日出生)胸部，艾某某的同行男友胡某某因此与雷某某发生争执。后双方来到商场监控室查看监控过程中，雷某某借机跑出监控室，胡某某追至商场外停车场，两次脚踢雷某某，但未踢中，第三次脚踢雷某某致其倒地受伤。经司法鉴定:雷某某右肱骨头粉碎性骨折、右股骨粗隆间粉碎性骨折，上述骨折均为新鲜骨折， 两处损伤分别构成轻伤一级。针对雷某某猥亵他人行为，公安机关已于6月1日受案调查，鉴于其仍在治疗期间，暂未采取强制措施。永州市公安局对此案高度重视，案件正在进一步调查处理中。,,"https://wx4.sinaimg.cn/large/63b09f89ly1gi2skhs8iwj20rs148k0l.jpg,https://wx3.sinaimg.cn/large/63b09f89ly1gi2skjve8fj20hw09ita9.jpg,https://wx4.sinaimg.cn/large/63b09f89ly1gi2skk0n4sj20ei0j8abw.jpg,https://wx2.sinaimg.cn/large/63b09f89ly1gi2skky12wj20fg0aaq51.jpg",,,2020-08-25,iPhone客户端,23752,1421,802,,冷水滩公安
4541735130378069,JhvIJ1AlT,【#心肺复苏将被纳入教育内容#】近日，中国红十字会总会和教育部联合印发通知，将学生健康知识、急救知识，特别是心肺复苏纳入教育内容。通知指出，学校红十字工作要把健康教育作为素质教育的重要内容，针对青少年生理、心理特点，积极开展红十字应急救护培训。中国红十字会总会和教育部联合印发通知 要求进一步加强和改进新时代学校红十字工作 ,,https://wx1.sinaimg.cn/large/63b09f89ly1gi2s6q7xn8j20ot0p0tc0.jpg,,,2020-08-25,Android,2,0,6,心肺复苏将被纳入教育内容,
4541732785752584,JhvEWo8vC,【硬核七夕告白！#空军表演一箭穿心#】今天#七夕#，你收到礼物了吗？空军红鹰飞行表演队为大家准备了一份精心礼物——空中表演一箭穿心！戳视频↓你想和谁一起看？解放军报的微博视频  ,,,"http://f.video.weibocdn.com/EkolSlzdlx07FTza1MuQ01041200kdi80E010.mp4?label=mp4_720p&template=1692x720.25.0&trans_finger=11ccc9c970f47cffd9369c72510b3033&ori=0&ps=1CwnkDw1GXwCQx&Expires=1598453375&ssig=qe8yPXYusg&KID=unistore,video",,2020-08-25,Android,17,1,3,"空军表演一箭穿心,七夕",
4541731406877688,JhvCIsRcs,【#警方透露生父摔死幼童案细节#：生母因惧怕不敢阻止 拍视频留证据】8月24日，@紧急呼叫 从陕西宝鸡金台区警方独家获悉两岁半幼童遭生父抱摔致死案发细节。警方称，刘某脾气暴躁，冯某平时对其非常惧怕。事发时冯某异常害怕，加上腿部有残疾，不敢上前阻止刘某，只能拍视频留证据报警。紧急呼叫的微博视频,,,"http://f.video.weibocdn.com/JZlgCkNQlx07FTgbvbks01041200lwL80E010.mp4?label=mp4_hd&template=852x480.25.0&trans_finger=1621fcd5d40969f1c74e6b06e52fcd54&ori=0&ps=1BThihd3VLAY5R&Expires=1598453375&ssig=OSu3PeDjC7&KID=unistore,video",,2020-08-25,Android,6,4,4,警方透露生父摔死幼童案细节,紧急呼叫
4541610215611012,JhstfnxGc,【#司法如何守护见义勇为的底线#】2019年3月9日，103国道河北省香河县安平镇路段，开“摩的”的老人侯振林在救一名独自横穿国道的4岁女童时，被一辆厢式货车撞倒。老人不幸去世，女童颅脑损伤但无生命危险。香河交警出具事故责任认定：货车司机、女童监护人、侯振林三人同等责任。家人不满，将车主潘某、保险公司和女童监护人李某等告上法庭。近日，廊坊市中级人民法院二审判决维持原判，认为侯振林行为属于见义勇为，无需担责，其合法权益受到侵害，依法应得到赔偿。目前，家属已经拿到了赔偿款。从理论上说，侯振林老人应有更理性的“避险”选择。然而，侯振林并不是一个普通的行人，他是一个在紧急情况下救人于水火的老人。在瞬息万变、十分紧张的情况下，苛责一个老人没有保持理性，选择最合理的“避险”道路，这是不近人情、生硬冰冷的做法。倘若这样一位可敬的老人，也要为自己的见义勇为之举，付出与肇事方、监护责任方同等的代价，不仅让本人及其家人寒心，也会让更多人在非常之际选择视若无睹、明哲保身。在我们的身边，不乏见义勇为者“流血又流泪”的怪现象，激浊扬清，纠偏正向，既需要社会道德的支持，也离不开立法和司法的力挺。（光明日报）#男生踹伤猥亵女生男子被刑拘#,,https://wx4.sinaimg.cn/large/63b09f89ly1gi2dtvbco8j20m80etdh5.jpg,,,2020-08-25,iPhone客户端,247,25,22,司法如何守护见义勇为的底线,
4541607091898583,Jhsod7XUj,【#陕西悬赏100万寻十年前被盗石狮#】8月24日，陕西省咸阳市礼泉县公安局发布《关于“2010.4.3”唐建陵石狮被盗案的悬赏通告》。通告称，2010年4月3日凌晨，礼泉县昭陵乡发生一起特大文物被盗案，案犯系多人结伙作案，在夜间将此处的唐肃宗建陵东门遗址一对石狮盗走。被盗石狮系全国重点文物保护对象，希望广大人民群众积极检举揭发相关线索，对提供重要线索，帮助破获案件者，最高奖励人民币100万元。漩涡视频的微博视频,,,"http://f.video.weibocdn.com/16kZUVBslx07FTqO40ko01041200cIsD0E010.mp4?label=mp4_hd&template=852x480.25.0&trans_finger=62b30a3f061b162e421008955c73f536&ori=0&ps=1BThihd3VLAY5R&Expires=1598453376&ssig=Hm%2B5zzuGQo&KID=unistore,video",,2020-08-25,iPhone客户端,29,14,11,陕西悬赏100万寻十年前被盗石狮,
4541591097715000,JhrYpwn1u,#发现身边的温暖# 【坚守！#夫妻5年沙漠种出6000余亩树#】23日，内蒙古阿拉善，徐世军和妻子迎来种树的第五个年头。2019年，徐世军遭遇车祸截肢，但他们没有停下种树的脚步。他们说要在沙漠中种出一片树林，现已经种了6000余亩，超30万株。今年七夕，他希望和妻子合种一棵爱情树。(中青网) 青蜂侠Bee的微博视频 ,,,"http://f.video.weibocdn.com/003fCUi2gx07FT7O24z501041200Eu8T0E010.mp4?label=mp4_hd&template=852x480.25.0&trans_finger=62b30a3f061b162e421008955c73f536&ori=0&ps=1CwnkDw1GXwCQx&Expires=1598453341&ssig=afKvDCQOrZ&KID=unistore,video",,2020-08-24,iPhone客户端,24,3,18,"发现身边的温暖,夫妻5年沙漠种出6000余亩树",
4541591043976953,JhrYkgGAp,【#陕西抱摔儿子致死男子被批捕#】8月24日晚，@新京报 记者从陕西宝鸡金台区检察院获悉，检察院对抱摔儿子致死男子刘某以涉嫌故意伤害罪批准逮捕。8月19日，刘某酒后和女友因争夺儿子抚养问题发生争执，刘某将二人所生的两岁半儿子抛摔在沙发上致伤。8月20日晚，孩子经抢救无效不幸身亡。据了解，刘某今年62岁在认识冯某前就已结婚 ，孩子系刘某婚外与冯某同居时怀上，在二人分手后出生。事发后刘某已被警方刑事拘留。 紧急呼叫的微博视频,,,"http://f.video.weibocdn.com/OhaSmweblx07FTrJb1WU01041200cnYo0E010.mp4?label=mp4_hd&template=852x480.25.0&trans_finger=1621fcd5d40969f1c74e6b06e52fcd54&ori=0&ps=1BThihd3VLAY5R&Expires=1598453376&ssig=UwTs7phKJ3&KID=unistore,video",,2020-08-24,iPhone客户端,13,3,5,陕西抱摔儿子致死男子被批捕,新京报
4541590288474761,JhrX6zyFH,【#男生踹伤猥亵女生男子被刑拘# 警方：猥亵男受伤是事实】#警方回应踹伤猥亵男遭刑拘# 湖南永州，17岁女生6月1日在商场遭52岁雷某猥亵，同行男生胡某追赶致雷某受伤。雷某被行政处罚，胡某却遭刑拘。警方回应称，雷某猥亵是事实，但雷某两处轻伤是胡某造成，“不管出于什么原因，不是故意，难道是无意的吗”？@一手Video 一手Video的秒拍视频,,,"https://gslb.miaopai.com/stream/Ys~aqQ3ZRTmN3M1fXUZTM42Zd6bslaN5g0SNUA__.mp4?yx=&refer=weibo_app&vend=weibo&label=mp4_hd&mpflag=8&ori=0&ps=1CwnkDw1GXwCQx&Expires=1598453319&ssig=uRh%2BKnYALD&KID=unistore,video",,2020-08-24,iPhone客户端,26300,1946,1349,,一手Video
4541585422823761,JhrPgbQAx,【#黄之锋又向外媒卖惨#：我每晚睡觉都害怕被捕 网友：做了亏心事才怕】乱港分子黄之锋又开始了“卖惨”表演，他23日对外媒记者说，在香港国安法实施后，他一直害怕被捕。对此，有香港网友直言他是心虚了，“只有做了亏心事的才会怕鬼敲门”。海客新闻的秒拍视频  ,,,http://gslb.miaopai.com/stream/FcQkI6LRzjamDEQ7h0oTjn76XXEhPaS5PEkh~A__.mp4?yx=&refer=weibo_app&vend=weibo&label=mp4_720p&mpflag=32,,2020-08-24,iPhone客户端,14,11,10,黄之锋又向外媒卖惨,
4541577172888033,JhrBXc7jb,【#男生踹伤猥亵女生男子被刑拘#，警方：故意伤害罪，非见义勇为】近日，湖南永州。女生在商场被男子肘袭胸部，男同学制止其逃跑时，将其踹伤。男同学因涉嫌“故意伤害罪”被警方刑拘。警方称，男同学的行为不属见义勇为。（澎湃新闻） ,,https://wx3.sinaimg.cn/large/63b09f89ly1gi2a24r9kuj20u00gs4bw.jpg,,,2020-08-24,iPhone客户端,145225,8872,8267,,
4541568650055594,Jhrod0esG,【#上海小区推出外来车辆亲情卡# 提醒子女关爱父母】近日，上海松江区华庭公寓小区物业推出了亲情停车卡，为来看望父母的小区外来车辆车主提供方便，解决了“常回家看看”背后的尴尬：24小时的停车费只收取5元，同时进小区就会由保安专门指引停车，极大地方便了从市区来看望父母的子女。@中新视频 中新视频的微博视频,,,"http://f.video.weibocdn.com/hEUszqTalx07FSF7Vbby01041200LbMS0E010.mp4?label=mp4_hd&template=852x480.25.0&trans_finger=62b30a3f061b162e421008955c73f536&ori=0&ps=1BThihd3VLAY5R&Expires=1598453377&ssig=%2Fj78jGUq1T&KID=unistore,video",,2020-08-24,iPhone客户端,10,4,6,上海小区推出外来车辆亲情卡,中新视频
4541565025911477,JhrimoNQp,【#女研究生租进男生公寓#，中介公司:合租户对生活不造成影响】7月上旬，郑州一高校研究生小姚毕业后选择留在郑州打拼，通过河南智平房地产营销策划有限公司在郑东新区贾岗社区租下了一间房，并且签订了租赁合同。7月12日，小姚正式搬进出租房陆续发现自己的隔壁和对门房间是多名男生在居住，时常喧闹至半夜，她咨询业务员对方称其可能是男朋友。在前期看房时，业务员为何向小姚描述合租户是女生?@东方今报 记者对此提出了疑问，中介公司称:合租户对生活不造成影响，双方应履行合同责任。  东方今报的微博视频,,,"http://f.video.weibocdn.com/HKIWrUbelx07FTq4QHsA01041200jfQR0E010.mp4?label=mp4_hd&template=852x480.25.0&trans_finger=1621fcd5d40969f1c74e6b06e52fcd54&ori=0&ps=1BThihd3VLAY5R&Expires=1598453377&ssig=3TV875P8qT&KID=unistore,video",,2020-08-24,微博视频,22,10,3,女研究生租进男生公寓,东方今报
4541559121648094,Jhr8Q6UKa,【#我国稻麦库存均能满足1年以上需求#】国家粮食和物资储备局负责人24日接受新华社记者专访说，我国粮食库存持续高位运行，库存消费比远远高于联合国粮农组织提出的安全警戒线水平，稻谷、小麦库存均能满足1年以上需求。    从品种看，小麦、稻谷等口粮比例占七成左右，有的省份根据消费习惯建立少量杂粮储备。36个大中城市和市场易波动地区还建立了大米、面粉等成品粮储备，可满足当地10-15天市场供应。（新华视点）,,https://wx1.sinaimg.cn/large/63b09f89ly1gi27yzp9eaj21jk1jk1kx.jpg,,,2020-08-24,iPhone客户端,6,1,2,我国稻麦库存均能满足1年以上需求,
4541550929644928,JhqVCEt5m,【#陕西贫困县7.1亿中学凉亭被拆##中纪委介入调查贫困县豪华中学#】8月24日中午，近日处于风口浪尖的“豪华中学”——陕西省商洛市镇安中学新校区大门紧锁，记者在现场看到，有挖掘机、渣土车出入学校，校门口标志性的4层“鲤鱼跳龙门”水景喷泉及凉亭等设施正在被拆除。记者从镇安县教育脱贫办公室工作人员处了解到，中纪委相关领导已在当地展开调查。@中国新闻周刊 中国新闻周刊的微博视频,,,"http://f.video.weibocdn.com/FqVxgSYllx07FTfQbunK010412009Uqg0E010.mp4?label=mp4_hd&template=852x480.25.0&trans_finger=62b30a3f061b162e421008955c73f536&ori=0&ps=1CwnkDw1GXwCQx&Expires=1598453356&ssig=j9w7HS8TkN&KID=unistore,video",,2020-08-24,iPhone客户端,38,12,9,"陕西贫困县7.1亿中学凉亭被拆,中纪委介入调查贫困县豪华中学",中国新闻周刊
4541550891906458,JhqVz7ZXk,【#外交部回应特朗普称中美可以脱钩#：#中美理应以合作而不是脱钩来推动两国关系发展#】8月24日，外交部发言人赵立坚主持例行记者会。有记者就美国总统特朗普在接受采访时有关“中美可以脱钩”的言论进行提问。“我们注意到了他有关的讲话，我在这愿意强调三点。”赵立坚回应。第一，中美建交40多年来，两国关系虽然经历过风风雨雨，但双方都能够从历史和大局出发，管控矛盾和分歧，妥善处理敏感问题，维护了中美关系总体稳定发展的势头。中美合作是互惠互利的，不是单向的。中美建交以来，双方各领域务实合作不断拓展，给两国和两国人民都带来了巨大好处，美方也从中受益匪浅。美国一些政客抛出的吃亏论、恩慈论，种种涉华谬论，其实质是出于意识形态偏见渲染中国威胁论，鼓吹冷战和零和博弈思维，这既不符合事实，也不尊重历史，完全是在开历史倒车。第二，中美两国发展不是非此即彼的关系，没有必要相互排斥，完全可以相互借力，相互成就。中美理应以合作而不是脱钩来推动两国关系的发展，并为这个世界承担起应尽的责任。全球化是我们这个时代的现实，也是人类社会进步的方向，特别是后疫情时期，各国都有着复工复产、恢复正常经济运行，维护本国产业链供应链稳定的任务和需要。在此过程中，没有任何一个国家能够独善其身，各国只有同舟共济才能乘风破浪，只有互相帮助才能共克时艰，试图通过脱钩解决自身面临的问题，只能是缘木求鱼，饮鸩止渴，终将进一步损害本国企业和民众的利益。第三，中国对发展中美关系的政策立场一以贯之，保持高度的稳定性和连续性。同时我们也做好了中美关系爬坡过坎，经历风雨的准备，我们敦促美国一些政客纠正错误，回归理性，正确看待和处理中美关系，停止损害中方利益，抹黑攻击中国，推动中美关系早日重回正轨。（北京头条客户端）外交部：中美理应以合作而不是脱钩来推动两国关系发展,,https://wx2.sinaimg.cn/large/63b09f89ly1gi270zbhstj214p0u0q8s.jpg,,,2020-08-24,iPhone客户端,2,0,1,"外交部回应特朗普称中美可以脱钩,中美理应以合作而不是脱钩来推动两国关系发展",
4541544352983574,JhqL1cwaa,【#妹妹打针要换衣服哥哥被迫穿裙子#】近日，四川达州，一名女子发布一则视频。妹妹刚刚打完预防针，她穿的是无袖的裙子，打针的地方遮不住。妈妈就让儿子脱下短袖，给他妹妹穿。哥哥则穿上妹妹的裙子。网友表示：哥哥为这个家付出太多了，一脸无奈。人民视频的微博视频 @人民视频  ,,,"http://f.video.weibocdn.com/yxruvt2Zlx07FSO9pq9i01041200pEtc0E010.mp4?label=mp4_720p&template=720x1268.24.0&trans_finger=c3f00996be5378650057cf237d7bfffd&ori=0&ps=1CwnkDw1GXwCQx&Expires=1598453376&ssig=cd0%2FrbhzAw&KID=unistore,video",,2020-08-24,iPhone客户端,18,4,4,妹妹打针要换衣服哥哥被迫穿裙子,人民视频
4541536862472823,JhqyWanif,【继爱奇艺后，#台当局又对淘宝台湾动手#：判定为陆资罚41万新台币，限6个月内撤资或改正】继爱奇艺后，台当局又对淘宝台湾动手了。据台媒刚刚消息，台湾“经济部投审会”今天（24日）判定淘宝台湾为陆资，罚淘宝台湾41万元新台币，限期6个月内撤资或改正。据台湾“中央社”报道，台湾“经济部投审会”称，淘宝台湾虽由英商克雷达分公司经营，但克雷达可被陆资阿里巴巴实质控制，从而判定淘宝台湾为陆资，裁罚新台币41万元，限期6个月内撤资或改正。台“投审会”还称，阿里巴巴在克雷达公司持股未逾30%，符合现行“大陆地区人民来台投资许可办法”，但依法令或契约约定，阿里巴巴可操控英商克雷达营运方针，认定具控制能力。戳↓↓↓全文： 网页链接,,https://wx1.sinaimg.cn/large/63b09f89ly1gi25ewb0bdj20k03mwwso.jpg,,,2020-08-24,iPhone客户端,6,1,0,台当局又对淘宝台湾动手,
4541524001432649,Jhqec60Hf,【#男生踹伤猥亵女生男子被刑拘#，当事女生哭诉：对不起同学，你本该被表扬】6月1日，湖南永州一17岁女生李爱（化名）在商场被一52岁男子用肘部袭击胸部，同行男同学胡林（化名）在控制袭胸男子时致其受伤，于8月21日被永州冷水滩区公安分局予以刑事拘留，目前在看守所，而当事人了解到袭胸男子可能被下达行政拘留通知书。8月24日，李爱及胡林父亲在接受@东方今报 采访时均表示，胡林的行为应是见义勇为，不解为何反被刑拘。李爱还透露查询监控时发现袭胸男子当天还袭击了另一个女孩。24日下午，记者发稿前多次联系具体办案民警未得到回应。据李爱透露，目前家属已向湖南省永州市冷水滩区检察院提交申诉材料，“已被受理。”律师认为，如果该男生行为属实，应当被认定为见义勇为，不应当承担刑事责任。（猛犸新闻·东方今报记者 赵丹  受访者供图）17岁女生遭52岁男子袭胸 男同学阻止对方逃跑致其受伤遭刑拘,,"https://wx4.sinaimg.cn/large/63b09f89ly1gi23thtq0oj20fg0aaq51.jpg,https://wx1.sinaimg.cn/large/63b09f89ly1gi23thms3zj20hw09ita9.jpg,https://wx2.sinaimg.cn/large/63b09f89ly1gi23ti0mqkj20ei0j8abw.jpg,https://wx2.sinaimg.cn/large/63b09f89ly1gi23ti9cfaj20n01ds43u.jpg",,,2020-08-24,iPhone客户端,521594,18228,48170,,东方今报
4541520390915224,Jhq8n3Q5G,#气象局回应上海上空现海市蜃楼#【上海上空现海市蜃楼？气象局：系罕见“物影上投”现象】#上海海市蜃楼# 据澎湃新闻：今晨，某网友称上海上空出现海市蜃楼奇观并拍下视频上传网络。上海市气象局官网微博解释称：此现象比较少见但并不是海市蜃楼，系“物影上投”现象。 浦东发布的微博视频 ,,,"http://f.video.weibocdn.com/001TYkF8gx07FT24Ybyn01041200b5bX0E010.mp4?label=mp4_720p&template=1280x720.25.0&trans_finger=1f0da16358befad33323e3a1b7f95fc9&ori=0&ps=1CwnkDw1GXwCQx&Expires=1598453378&ssig=wfOxcRKy33&KID=unistore,video",,2020-08-24,iPhone客户端,5,2,4,"气象局回应上海上空现海市蜃楼,上海海市蜃楼",
4541510932254018,JhpT79sn8,【#赵立坚批美国政客患了逢中必反症#】今天，外交部发言人赵立坚表示，中方支持相关企业拿起法律武器维护正当权益，也将继续采取一切必要措施坚决维护中国企业的合法权益。赵立坚称，针对美国个别政客的谬论，我想强调两点：第一，美国个别政客企图置 TikTok、WeChat和华为等中国企业于死地，其根源就是患了“逢中必反症”，强行将意识形态标签打在中国企业身上。这些人打着“国家安全”的幌子“围猎” TikTok等中国企业，充斥着谎言和污蔑，其性质是欺行霸市、巧取豪夺。第二，美国个别政客针对 TikTok等特定企业的胡作非为，实质是对某一领域取得领先优势的非美国企业采取有组织、系统性的经济霸凌。他们都是行业翘楚，是非常优秀的国际化公司。美国个别政客害怕非美国企业的强大和成功，因此不惜动用国家力量百般打压。这是对美一贯标榜的市场经济和公平竞争原则的否定，是对国际规则的践踏，也是对全球化浪潮下各国科技创新交流合作的破坏。世人只会对美国这些人的强盗行径看得更加清楚。央视新闻的微博视频（总台央视记者申杨 杨弘杨）,,,"http://f.video.weibocdn.com/L1n0opeklx07FT5vIriE01041200dVVJ0E010.mp4?label=mp4_hd&template=852x480.25.0&trans_finger=62b30a3f061b162e421008955c73f536&ori=0&ps=1BThihd3VLAY5R&Expires=1598453378&ssig=vbqIiD7j7V&KID=unistore,video",,2020-08-24,iPhone客户端,13,3,5,赵立坚批美国政客患了逢中必反症,
4541498312098597,JhpyL8NWl,#外交部回应TikTok起诉美国政府#【字节跳动将正式起诉美国政府，外交部：#支持中国企业拿起法律武器维护正当权益#】在8月24日举行的外交部例行记者会上，有记者提问：据报道，22日TikTok宣布将就美国政府涉及该公司及其母公司字节跳动的行政令提起诉讼，以维护自身合法权益。21日部分WeChat在美用户组成的美国WeChat用户联盟提起诉讼，要求阻止美有关禁用微信行政令的实施。我们也注意到美国国务卿蓬佩奥21日在回答TikTok有关问题时称，美方并非针对成功的中国企业，而是针对给美国国家安全带来风险的中共实体，或受中共驱使的商业实体。中方对此有何评论？发言人赵立坚对此表示，中方支持相关企业拿起法律武器维护正当权益，也将继续采取一切必要措施，坚决维护中国企业的合法权益。“针对你刚才提到的美国个别政客的谬论，我想再强调两点。”赵立坚说，第一，美国个别政客企图置TikTok、WeChat和华为等中国企业于死地，其根源就是“患了逢中必反症”，强行将意识形态标签打在中国企业身上，这些人打着国家安全的幌子，围猎TikTok等中国企业，充斥着谎言和污蔑，其性质是欺行霸市，巧取豪夺。第二，美国个别政客针对TikTok等特定企业的胡作非为，实质是其对某一领域取得领先优势的非美国企业，采取有组织系统性的经济霸凌。这些企业都是行业翘楚，是非常优秀的国际化公司。美国个别政客害怕非美国企业的强大和成功，因此不惜动用国家力量百般打压，这是对美国一贯标榜的市场经济和公平竞争原则的否定，是对国际规则的践踏，也是对全球化浪潮下各国科技创新交流合作的破坏，世人只会对美国这些人的强盗行径看的更加清楚。字节跳动将正式起诉美国政府，外交部：支持中国企业拿起法律武器维护正当权益   视频via人民视频  人民视频的微博视频,,,"http://f.video.weibocdn.com/5sNjzOktlx07FT65jaPm010412008KDz0E010.mp4?label=mp4_hd&template=480x852.24.0&trans_finger=7c347e6ee1691b93dc7e5726f4ef34b3&ori=0&ps=1BThihd3VLAY5R&Expires=1598453378&ssig=r%2BwbX9J9b4&KID=unistore,video",,2020-08-24,iPhone客户端,6,0,1,"外交部回应TikTok起诉美国政府,支持中国企业拿起法律武器维护正当权益",
4541495144884412,JhptEkuEQ,#发现身边的温暖# 【妻子遇车祸成植物人后苏醒 #丈夫照顾病妻10年写千篇日记#】8月23日，家住江苏淮安的戴海峰陪妻子何家林在家里锻炼。2010年3月，妻子何家林遭遇车祸成了植物人，87天后妻子苏醒。戴海峰称，为配合医生治疗，他写了1000多篇日记记录妻子情况。10年来，戴海峰不离不弃照顾妻子，每天陪她锻炼，为她按摩。@我们视频暖心闻  我们视频暖心闻的微博视频,,,"http://f.video.weibocdn.com/QQWmjGXOlx07FT36iPna01041200rNKL0E010.mp4?label=mp4_hd&template=852x480.25.0&trans_finger=1621fcd5d40969f1c74e6b06e52fcd54&ori=0&ps=1BThihd3VLAY5R&Expires=1598453378&ssig=R2MrFFGD43&KID=unistore,video",,2020-08-24,iPhone客户端,20,2,6,"发现身边的温暖,丈夫照顾病妻10年写千篇日记",我们视频暖心闻
4541485280395638,JhpdK1EVg,【“铁骑外卖”达成！#铁骑小姐姐帮受伤外卖小哥送外卖#】8月19日，河南新乡铁骑巡逻时发现一外卖小哥摔倒在马路中间，立即上前进行救助。由于外卖小哥右脚划伤，急需到医院处理，但同时有一个订单急需送到顾客手里。经过沟通，外卖小哥由当事人陪同去医院，而订单则由铁骑队员代送。@东方今报  东方今报的微博视频,,,"http://f.video.weibocdn.com/0JS3unCjlx07FT4k6xsA01041200oU7Y0E010.mp4?label=mp4_hd&template=852x480.25.0&trans_finger=62b30a3f061b162e421008955c73f536&ori=0&ps=1BThihd3VLAY5R&Expires=1598453379&ssig=7ZZ2%2F2iYah&KID=unistore,video",,2020-08-24,微博视频,11,1,0,铁骑小姐姐帮受伤外卖小哥送外卖,东方今报
4541481115455910,Jhp71mTky,【#95后海归硕士回应做汽修工#年薪30w 】近日，95后海归硕士孙正阳应聘汽车维修工引发热议。现在，他已经入职杭州城西的一家车行。他说刚开始时家人和朋友都不太理解，但解释了原因和发展前景，就都慢慢接受了。 都市快报的微博视频  ,,,"http://f.video.weibocdn.com/0010xSqbgx07FSJsi1D201041200Oabr0E010.mp4?label=mp4_720p&template=1280x720.25.0&trans_finger=1f0da16358befad33323e3a1b7f95fc9&ori=0&ps=1CwnkDw1GXwCQx&Expires=1598453378&ssig=7omgY%2F47B1&KID=unistore,video",,2020-08-24,iPhone客户端,15,2,1,95后海归硕士回应做汽修工,
4541478963776060,Jhp3yfQkc,【#西藏边防战士巡逻穿过毒草丛#】西藏军区，海拔2800多米的吉隆沟深山河谷，边防战士们踏上巡逻路。道路湿滑泥泞，还会遇到泥石流或塌方，摔跤是常事儿。雨季毒草丛生，皮肤碰到毒草后会发红发肿，像针扎一样疼痛，持续七八个小时，戴着手套也没能避免……网友：致敬最可爱的人！感恩守护！央视军事的微博视频 @央视军事,,,"http://f.video.weibocdn.com/Iv4sgXFLlx07FPTtnBPq01041201D9jc0E010.mp4?label=mp4_hd&template=852x480.25.0&trans_finger=1621fcd5d40969f1c74e6b06e52fcd54&ori=0&ps=1BThihd3VLAY5R&Expires=1598453379&ssig=i6muqdUx3E&KID=unistore,video",,2020-08-24,军事 · 视频社区,9,0,0,西藏边防战士巡逻穿过毒草丛,央视军事
4541474865417067,JhoWWmJe3,【#菲律宾发生爆炸#已致9死18伤 现场曝光】8月24日，菲律宾苏禄省霍洛镇发生两起爆炸，已致9人死亡18人受伤。死者中5人为士兵、4人为平民。警方称，爆炸由一辆装载简易爆炸装置的摩托车引起，第二次爆炸发生于一处教堂附近，两个爆炸点相距百米。@世面 世面的微博视频 ,,,"http://f.video.weibocdn.com/H1NveTiylx07FSYKoGkg01041200dYHI0E010.mp4?label=mp4_720p&template=720x1280.25.0&trans_finger=11ccc9c970f47cffd9369c72510b3033&ori=0&ps=1CwnkDw1GXwCQx&Expires=1598453378&ssig=%2BEtENa6Q%2Ba&KID=unistore,video",,2020-08-24,iPhone客户端,2,1,0,菲律宾发生爆炸,世面
4541467668776542,JhoLkAPb8,【#救人未成功遭恶评医学生回应#：做了应该做的事情，问心无愧】两女大学生跪地救人未成功遭恶评引关注。当事人彭婕婷和陈家利是@成都中医药大学 硕士研究生，今年毕业。当事人彭婕婷回应表示：“我们做了自己应该做的事情，问心无愧。”校方通过官微力挺学生称，两人以实际行动践行医学生誓言 ，学校拟授予两人校长特别奖。（川报观察） 封面新闻的微博视频,,,"http://f.video.weibocdn.com/0037i1akgx07FRIcb2rK010412004ha90E010.mp4?label=mp4_hd&template=480x852.24.0&trans_finger=7c347e6ee1691b93dc7e5726f4ef34b3&ori=0&ps=1BThihd3VLAY5R&Expires=1598453389&ssig=u%2BBe5%2FWRdr&KID=unistore,video",,2020-08-24,微博 weibo.com,24,4,3,救人未成功遭恶评医学生回应,成都中医药大学
4541452136232396,Jhomhq9kw,【小龙虾/箜篌/电竞/殡葬专业...“爆款”or“冷门”？#全国本科院校18年来新增37799个专业#】许多高校为了吸引人才，也在不断适应市场需求，开设了不少“新奇”专业。有的成为热门：江苏盱眙有一所小龙虾学院，学院院长表示，这个专业学生供不应求；因时而生的还有电子竞技专业，2017年，南京传媒学院就率先将该专业引入全日制本科的学习中，第一届学生也即将迎来毕业季。而有一些专业则是常年无人问津：去年，杭州师范大学钱江学院一位大四女生走红网络，她主修的箜篌专业只有她一人。随着社会的不断发展，所谓高校专业的冷与热也是风水轮流转。去年9月，38名新生进入安徽城市职业管理学院学习殡葬专业。校方表示，原本还担心这个专业会很冷门，没想远高于最初30人的计划招生人数。目前殡葬专业人才很紧俏，收入也相对较高。 教育部统计数据显示，过去18年里，全国各大本科院校共新增37799个专业，撤销了1496个专业。过去20年，工学所占的比例越来越大。《2020年中国大学生就业报告》分析指出，2019年工学应届毕业生平均薪资是5809元，超过经济学的5519元，成为薪资最高的专业。  央视财经的酷燃视频,,,"http://fus.cdn.krcom.cn/DfTJqgF2lx07FRQwAVQQ01041201NCq00E010.mp4?label=mp4_hd&template=852x480.25.0&trans_finger=89e80cc968cf62d88bc0497f09b8bd65&ori=0&ps=1BThihd3VLAY5R&Expires=1598453390&ssig=dIzfC5%2BxDC&KID=unistore,video",,2020-08-24,iPhone客户端,1,1,1,全国本科院校18年来新增37799个专业,
4541450551045525,JhojJ4nZj,【#银行回应新员工不喝酒被打耳光#：确系失当 对责任人进行停职】近日，网上曝出厦门国际银行#新员工不喝领导敬酒被打耳光#一事引起热议。今日厦门国际银行北京分行官微发文回应称：确系该领导言语行为失当，对该领导董某给予严重警告处分，扣罚二个季度绩效工资；对支行负责人罗某给予警告处分，扣罚一个季度绩效工资。（三联） @新京报动新闻 新京报动新闻的秒拍视频,,,"https://gslb.miaopai.com/stream/dn4Y6EQ4MedarwLq7UkMEgRQVtbGn4TDXni8pw__.mp4?yx=&refer=weibo_app&vend=weibo&label=mp4_hd&mpflag=8&ori=0&ps=1BThihd3VLAY5R&Expires=1598453390&ssig=XqnmPfh30U&KID=unistore,video",,2020-08-24,iPhone客户端,4,3,3,"银行回应新员工不喝酒被打耳光,新员工不喝领导敬酒被打耳光",新京报动新闻
4541437243039523,JhnYgcKIz,【江西#男生录取北大骑马戴红花返乡#，村委会：为了激励学生努力考学】21日，江西吉安。遂川中学蒋侨高考成功考上北大，村里为其庆祝。蒋侨骑马戴大红花返乡，前头后尾还跟着车队，不少路过的村民驻足围观。据田心村村委会工作人员蒋保荣介绍，每逢村里孩子考上本科，村里人都会给举办类似的庆祝活动，为的就是激励学生努力考学。 沸点正能量的微博视频,,,"http://f.video.weibocdn.com/jifazDNflx07FROYjw9i01041200hKwN0E010.mp4?label=mp4_hd&template=480x852.24.0&trans_finger=7c347e6ee1691b93dc7e5726f4ef34b3&ori=0&ps=1CwnkDw1GXwCQx&Expires=1598453349&ssig=AnAkp4PylO&KID=unistore,video",,2020-08-24,Android,33,11,6,男生录取北大骑马戴红花返乡,
4541425566354173,JhnFqqF0F,【#女子路中间系鞋带被碾压致死# 民警：双方都有责任】8月18日傍晚7时许，广东东莞黄江某科创园内，一名女子从园区厂房里走出来时发现自己的鞋带松了，于是蹲在地上系鞋带，此时她身后一辆轻型厢式小货车卸完货后倒车。因女子背对货车蹲在地上，且处于货车的视线盲区，加上傍晚视线不佳，女子不幸被碾压，当场身亡。燃新闻的秒拍视频,,,"https://gslb.miaopai.com/stream/X0BkV9EPeynp6J~ewLTraqD5H~n7jfoE9eVzPQ__.mp4?yx=&refer=weibo_app&vend=weibo&label=mp4_hd&mpflag=8&ori=0&ps=1BThihd3VLAY5R&Expires=1598453390&ssig=mRZlEEI22u&KID=unistore,video",,2020-08-24,Android,3,6,6,女子路中间系鞋带被碾压致死,
4541393177675997,JhmPbwcSp,【大爷大妈在酒店大堂跳广场舞不听劝阻 工作人员无奈把空调开到30度】#大爷大妈酒店跳广场舞被调高温劝离#8月22日，浙江杭州。大爷大妈们在酒店大堂跳广场舞，不听工作人员劝阻。工作人员无奈只能把空调调成30度，过了一会儿大爷大妈觉得热纷纷离开。沸点视频的微博视频 ,,,"http://f.video.weibocdn.com/j8niq6wflx07FRKVbvL201041200kKJv0E010.mp4?label=mp4_720p&template=720x1280.24.0&trans_finger=c3f00996be5378650057cf237d7bfffd&ori=0&ps=1CwnkDw1GXwCQx&Expires=1598453389&ssig=H9iPwR8VDn&KID=unistore,video",,2020-08-24,Android,10,14,3,大爷大妈酒店跳广场舞被调高温劝离,
4541378828175959,Jhms2yiWj,【#丽江3岁男孩被抱走 涉事女子细节曝光# ：身穿紫红色上衣 齐耳短发】8月23日上午，云南丽江永胜一名男孩被一名乘坐白色小型汽车的女子抱上车后带走。据开屏新闻消息，孩子姐姐称，弟弟是被抱上了一辆白色的车，下车抱走弟弟的是一个30岁至50岁之间的女人，身着紫红色的上衣 ，下身穿牛仔裤，留着齐耳短发。姐姐一边追一边问‘为什么抱我老弟，别抱我老弟’， 还追上去拉了车门，不过被推开了。目前，孩子的寻找工作正在进行中燃新闻的秒拍视频,,,"https://gslb.miaopai.com/stream/IlJ1xhnlExsuyabW65JQYjaiCtsWPEZ6OkUhHg__.mp4?yx=&refer=weibo_app&vend=weibo&label=mp4_hd&mpflag=8&ori=0&ps=1BThihd3VLAY5R&Expires=1598453390&ssig=y8kDa5nJX0&KID=unistore,video",,2020-08-24,Android,8,6,5,丽江3岁男孩被抱走 涉事女子细节曝光,
4541376363239429,Jhmo4dAIR,【#郑州新增5例境外输入无症状感染者详情#公布】8月23日0-24时，郑州市新增境外输入新冠病毒无症状感染者5例，均为8月22日乘坐俄罗斯莫斯科CA910航班由郑州入境归国人员。具体如下：　　王某某，女，25岁，浙江省人；水某某，女，54岁，辽宁省人；王某某，男，36岁，黑龙江人；林某某，女，32岁，辽宁省人；王某某，女，47岁，浙江省人。　　该航班人员入郑后，依照郑州市常态化疫情防控相关规定，下机、检验、转运、隔离等整个过程均实行了闭环管理，并全部转运至健康关爱中心实施集中隔离医学观察。上述5人入境后核酸检测结果为阳性，无发热、咳嗽等症状，根据现行管理规范，被确定为新冠病毒无症状感染者，并立即由专用车辆转送至定点医疗机构进一步隔离医学观察。（郑州市疾病预防控制中心）,,https://wx3.sinaimg.cn/large/63b09f89ly1gi1mzdwvsoj20rs0m8q50.jpg,,,2020-08-24,Android,1,0,1,郑州新增5例境外输入无症状感染者详情,
4541375749817283,Jhmn4FbVh,【#学校拟授予跪地救人两女大学生校长特别奖#】两女大学生跪地救人未成功遭恶评引关注。8月23日晚，两人所在的成都中医药大学表示，两人以实际行动践行医学生誓言 ，学校拟授予两人校长特别奖。14日，湖南常德火车站内一男子突发疾病倒地，两人跪地做心肺复苏和人工呼吸，但男子仍不幸去世。紧急呼叫的微博视频,,,"http://f.video.weibocdn.com/L4zu9XPclx07FSyMolqE01041200dtVR0E010.mp4?label=mp4_hd&template=852x480.25.0&trans_finger=1621fcd5d40969f1c74e6b06e52fcd54&ori=0&ps=1BThihd3VLAY5R&Expires=1598453391&ssig=WlxHrjjDtG&KID=unistore,video",,2020-08-24,正能量 · 视频社区,31,3,2,学校拟授予跪地救人两女大学生校长特别奖,
4541200641575280,JhhOE6BNK,【#美国新冠感染病例出现年轻化趋势#】目前，#美国新冠肺炎超566万例#，感染病例持续年轻化：加州洛杉矶县最近1600多例单日新增病例中，约三分之一的年龄在30至49岁之间；3月以来，佛州18岁以下感染者超4.7万例，过去两周中超7000例儿童确诊；美疾控中心也称，3月至7月，美国儿童新冠感染率持续上升↓ 央视新闻的微博视频,,,"http://f.video.weibocdn.com/s5bhSxodlx07FRyhvAZa01041200kL8J0E010.mp4?label=mp4_hd&template=852x480.25.0&trans_finger=62b30a3f061b162e421008955c73f536&ori=0&ps=1BThihd3VLAY5R&Expires=1598453391&ssig=jFD2%2Fr0Z4r&KID=unistore,video",,2020-08-23,iPhone客户端,10,3,6,"美国新冠感染病例出现年轻化趋势,美国新冠肺炎超566万例",
4541195008615212,JhhFyA9d2,【安徽寿县493人高烧腹泻，当地卫健委：已关闭自来水厂，初步调查为志贺氏菌感染所引起】#安徽寿县通报村民不明原因腹泻#8月20日以来，寿县保义镇居民493人陆续出现发热呕吐、腹痛腹泻症状，寿县立即成立处置工作领导组，迅速开展人员治疗工作，其中县医院、县中医院收治289人，目前病人病情普遍好转，部分病人已治愈出院。据省市县联合调查组初步调查，判定为志贺氏菌感染所引起。为防止水体感染，保义镇自来水厂已于8月21日关闭，有关处置工作正在进一步进行中。@东方今报 （淮南市寿县卫生健康委员会）  东方今报的微博视频,,,"http://f.video.weibocdn.com/nMgGC0FClx07FRN6zGCQ01041200mnPi0E010.mp4?label=mp4_hd&template=852x480.25.0&trans_finger=62b30a3f061b162e421008955c73f536&ori=0&ps=1BThihd3VLAY5R&Expires=1598453391&ssig=sh4ieciocW&KID=unistore,video",,2020-08-23,微博视频,13,2,6,安徽寿县通报村民不明原因腹泻,东方今报
4541193030208407,JhhCn0Sdp,【#逝者家属感谢救人无效遭恶评的医学生#：你们做到最好了】近日，湖南常德火车站内，一男子突发疾病。两名医学生立即跪地抢救，但无力回天。离开时，两人忍不住抽泣，还错过了列车…对此，有网友暖心安慰，也有人发布恶评。逝者家属说，恶评可能会让很多人不敢再伸出援手↓请善待每一份爱心！看看新闻KNEWS的秒拍视频 @看看新闻KNEWS,,,"https://gslb.miaopai.com/stream/qsmbeFtVwkBozvLw4iBgv4Vi8T9t0fnkjBpDeA__.mp4?yx=&refer=weibo_app&vend=weibo&label=mp4_hd&mpflag=8&ori=0&ps=1BThihd3VLAY5R&Expires=1598453391&ssig=Z%2FTP4LBcN4&KID=unistore,video",,2020-08-23,iPhone客户端,16,6,8,逝者家属感谢救人无效遭恶评的医学生,看看新闻KNEWS
4541179155187272,JhhfZlLrG,【这事儿好比“相亲”，合适的就是最好的】这两天，中国民航大学拟在郑州设校区的消息，让不少河南人振奋不已。一旦落地，这将成为我省多年来不遗余力引进知名高校的一个重大突破。　　据媒体报道，近日，民航局和我省就进一步推进河南省民航教育发展深入交换了意见。其中首次公开透露，目前，中国民航大学拟在郑州航空港经济综合实验区设立郑州校区，为河南民航发展提供专业人才和科技支撑。民航局相关负责人也表示，下一步，将在政策允许范围内，充分考虑河南民航发展需要，全力支持河南民航专业人才培养。　　高等教育发展水平被视为一个地区发展潜力和竞争力的重要体现。一个地区拥有大学的数量和质量，直接关乎其发展前途、科研创新能力和社会影响力。特别是在关键的转型发展期，人才之于地区发展，更是至关重要的资源。然而遗憾的是，河南的高等教育资源尤其是高水平大学较为匮乏，与全省人口规模、经济规模极不相称。　　先天不足，只能后天弥补。近年来，正是看到了优质科教资源匮乏这一短板，我省持续发力，不断加大对高等教育的经费投入。　　一方面，注重“在内育人留人”，支持省内高校发展，郑州大学、河南大学双双入选国家“双一流”建设高校行列；另一方面，着眼外部引才引智，积极与名校沟通对接，推进与国内外名校合作建立研究院、设立分校等。　　此次中国民航大学准备在郑州设立分校，就是多年来我省强力补短板、持续引名校的鲜明例证。　　值得一提的是，中国民航大学入郑，给河南带来的将不只是一所大学，仅仅满足河南人民对优质高等教育的需求，它还着眼于郑州航空港以及本地相关产业的发展，满足河南民航业发展的需要。　　表面上看，中国民航大学不是985、211高校，也并未进入国家“双一流”建设名单，但它却被视为“中国民航人才摇篮”，是行业知名高校。这对目前正大力发展航空经济、急需民航专业人才的河南来说，无疑是一场量身定做的“招亲”，一次情投意合的“牵手”。　　这样的高校引进思路，透露着务实之风，也传递出明确信号：引才引智，不仅看谁名气大、比谁牌子响，更多的还要看双方匹配度、契合度。这就好比两个人相亲，对方条件再好、能力再强，如果双方谈不拢、合不来，照样白费功夫。　　如今，“高校引进”已成为许多省市加快高等教育发展的重要举措，继具有代表性的“北青岛、南深圳”后，宁波、苏州、重庆等众多城市也纷纷加入到高校争夺战中，竞争态势可见一斑。　　相比之下，我省还需要拿出更多看得见、摸得着的实质性举措。但即便如此，我们也要保持冷静，教育需求再强烈，也不能“病急乱投医”，毕竟只有适合自己的才是最好的。　　“反木桶原理”认为，木桶最长的一根木板决定了其潜力与优势。在强力补短板的同时，找准我们的产业优势，多引进一些与本地产业相符的高水平大学，紧紧对接地区发展所需，我们就有机会实现弯道超车、后来居上。（豫论场）#中国民航大学拟设郑州校区#,,https://wx2.sinaimg.cn/large/63b09f89ly1gi10be3wntj20cg0j77b7.jpg,,,2020-08-23,iPhone客户端,12,5,2,中国民航大学拟设郑州校区,
4541176101998777,Jhhb48nYl,#CUBA处罚消极比赛球队# 【朝自家篮筐投球 中国大学生篮球联赛两球队因消极比赛被取消资格】“这个球投的……我有点不知道什么情况？”“还有2秒进攻时间，不看表的吗？”2020年8月20日，CUBA中国大学生篮球联赛广东工业大学与江西师范大学的比赛中，场上球员匪夷所思的表现让比赛解说都摸不着头脑。8月23日，中国大学生篮球联赛CUBA官方发布消息，CUBA联赛组委会针对8月20日小组赛广东工业大学对阵江西师范大学的比赛，进行了细致回看和研判，认定两支球队消极比赛的情况属实，故按照《全国学生纪律处罚条例》，取消两支队伍小组赛成绩。@东方今报  东方今报的微博视频,,,"http://f.video.weibocdn.com/mI2DO0lwlx07FRHWV10c01041200lhz70E010.mp4?label=mp4_hd&template=852x480.25.0&trans_finger=1621fcd5d40969f1c74e6b06e52fcd54&ori=0&ps=1BThihd3VLAY5R&Expires=1598453392&ssig=sb9oKvpUYn&KID=unistore,video",,2020-08-23,微博视频,1268,241,150,CUBA处罚消极比赛球队,东方今报
4541165577441006,JhgU5vdKe,【紧急！#丽江3岁男孩被坐白色车女子抱走# 警方正堵卡查缉！】23日，云南丽江永胜县公安局发布通报称，23日上午10时34分，永胜县公安局接到群众报警：在永胜县永北镇东昌路驾考中心附近玩耍的一名男孩，被一名乘坐白色小型汽车的女子抱上车后带走。接警后，永胜县公安局立即组成工作专班，开展堵卡查缉、人员核查等相关工作。经向小孩父母及爷爷、奶奶了解，被抱走的小孩3岁左右，上身穿白色底黄色横向条纹衣服，下身穿白色灯芯(草)绒裤子。目前，各项工作正在开展中。请知情人及时与永胜县公安局联系，联系电话0888-6543526(永胜县公安局办公室)，0888-6527110(永北派出所)。,,https://wx4.sinaimg.cn/large/63b09f89ly1gi0yrvl8auj20u016f0uv.jpg,,,2020-08-23,iPhone客户端,4,3,5,丽江3岁男孩被坐白色车女子抱走,
4541161417477133,JhgNnvn8V,【#南海渤海黄海将组织军事活动#】据广东海事局消息，8月24日0时至8月29日24时，南海粤东海域将进行军事训练。据大连海事局消息，8月24日8时至8月25日18时，渤海海峡执行军事任务。据唐山海事局消息，8月24日0时至9月30日24时，渤海部分海域执行实弹射击活动。据青岛海事局消息，8月22日12时至8月26日12时，黄海青岛至连云港以东海域组织重大军事活动。（央视军事）,,https://wx3.sinaimg.cn/large/63b09f89ly1gi0yall7dxj20rs0fm1kx.jpg,,,2020-08-23,微博 weibo.com,8,1,0,南海渤海黄海将组织军事活动,
4541158968263232,JhgJqyFDW,【#河南启动仰韶村遗址第4次考古发掘#，距离上次已有40年】河南仰韶村遗址22日重启考古发掘。此次发掘距离上次已有40年，将运用现代技术手段为黄河文化、中原地区文明化进程等课题提供新的考古资料。“仰韶村遗址的历次发掘见证了中国考古学的成长，是探索中华文明历程、构建文化自信的重要缩影。”河南省文物局局长田凯说。1921年在河南省渑池县仰韶村遗址展开的第一次发掘，标志着中国考古学的诞生。其重要发现被命名为“仰韶文化”，这是中国近代考古学史上出现的第一个考古学文化名称。新中国成立和改革开放后相继完成了第二次和第三次发掘，使仰韶文化内涵日益丰富。“仰韶村遗址是黄河流域仰韶文化核心分布区的重要遗址。黄河文化研究亟待加强。2021年是中国考古学诞生100周年、仰韶文化发现100周年，重启考古发掘恰逢其时。”河南省文物考古研究院院长刘海旺说。距今约5000年至7000年的仰韶文化，是黄河中下游地区重要的新石器时代文化，以发达的制陶工艺为人熟知。这一时期的彩陶色彩绚丽、图案丰富、绘画手法高超娴熟，达至中国史前彩陶文化巅峰。“这些彩陶所产生的影响，南达长江中游、北抵河套地区、东及黄河下游、西至甘青地区，形成了中原史前文化向周围的第一次辐射。”中国考古学会理事长、中国社会科学院学部委员王巍表示，仰韶文化深刻影响中华文明的起源、形成和发展进程，借助现代技术手段开展新的发掘，可把先人的生存状态更加鲜活地呈现给世人。据了解，本次发掘由河南省文物考古研究院、三门峡市文物考古研究所等联合承担，将完成遗址南部核心区考古发掘和中北部仰韶文化壕沟、龙山文化环壕的解剖工作等。“我们已组建了精干的考古发掘和研究团队，将全方位获取仰韶村遗址丰富的古代文化、社会、人类信息。”发掘项目负责人魏兴涛说。#仰韶村遗址第4次考古发掘启动#,,https://wx3.sinaimg.cn/large/63b09f89ly1gi0xzzmagaj20hi0d5wyv.jpg,,,2020-08-23,iPhone客户端,26,6,11,"河南启动仰韶村遗址第4次考古发掘,仰韶村遗址第4次考古发掘启动",
4541155553585210,JhgDVf2FY,#安徽寿县多名儿童不明原因发热腹泻#【#安徽寿县通报村民不明原因腹泻#：初判为志贺氏菌感染所引起】据寿县发布：8月20日以来，寿县保义镇居民493人陆续出现发热呕吐、腹痛腹泻症状，寿县立即成立处置工作领导组，迅速开展人员治疗工作，其中县医院、县中医院收治289人，目前病人病情普遍好转，部分病 ,,https://wx1.sinaimg.cn/large/63b09f89ly1gi0xmfw1guj20v90p7jwh.jpg,,,2020-08-23,iPhone客户端,4,1,1,"安徽寿县多名儿童不明原因发热腹泻,安徽寿县通报村民不明原因腹泻",
4541155015926513,JhgD3oRKV,#安徽寿县通报村民不明原因腹泻#【安徽寿县多名老人孩子高烧腹泻，当地一中学停课，每天用洒水车供水】8月23日，家住安徽寿县开荒镇当地村民刘桂英病情稍缓，提起前几日的折腾，声音沙哑不止。她告诉记者，自己今年60多岁，出现发烧呕吐症状已有6日，因病情严重被拉往寿县县医院救治。“那天我就喝了点稀饭，凌晨拉肚子特别严重，跑了好几趟厕所，第二天我就骑着车去开荒乡镇医院吊了两瓶水，回来还是频繁拉肚子，就出现了发烧的症状。”发现刘桂英病情的严重性，老伴通知了大女儿回家带她治病，先后辗转开荒镇、安丰镇等医院卫生所，病情仍不见好转。“拉肚子拉得裤子都提不上，一天能拉20多次，最严重的时候拉出血便，发烧到39℃，伴随呕吐的症状，就感觉浑浑噩噩的，整个人迷迷糊糊。”8月21日晚，刘桂英被送往寿县县医院，经过治疗病情已经缓合，目前情况稳定。刘桂英的大女儿告诉记者，出现相同症状的不止母亲一人，当地镇上各大医院卫生所病患皆爆满，大家的症状大致相同：高烧腹泻伴随呕吐，患病者以儿童、老年人居多，因为病房不够，寿县医院的儿科、消化科还在走廊加上了很多床位。15岁学生频繁腹泻，当地就读中学已停课8月23日，在当地保义镇兴华中学就读的15岁学生小雪向记者讲述，近日发烧请假的学生频繁增多，因为请假人数太多，学校在21号下午正式停课。“我是21号上午出现了发高烧的情况，就一直拉肚子，一上午能拉5次，我们班级40多人有十几个都是因为发烧请假，别的班级请假的学生差不多也有一半，然后学校就停课了。”小雪说。小雪向记者回忆，自己高烧严重时能达到39℃，已经在寿县县医院住了三天，目前病情已经逐渐转轻，拉肚子的频率也少了，学校暂定在30号下午开学。当地已停水3日，官方回应正在调查因为病患出现症状存在相似性，当地不少居民曾怀疑是否是自来水产生了问题。8月23日，保义镇上一名饭店老板告诉记者，当地已停水3日，每天有洒水车在当地供水。“我们家是开饭店，开了有一口井，目前就先用井水，隔壁有邻居家的小孩儿也发高烧了，不知道什么原因。”老板告诉记者，洒水车一天3次来送水，她曾向工作人员询问原因，对方告诉她正在调查，供水时间暂时未接通知。针对此事，东方今报·猛犸新闻记者与寿县卫健委取得联系，工作人员回复事情正在进一步调查中，目前已派出专家组，有结果会进行官方回复。（东方今报·猛犸新闻 记者刘继忠■见习记者 张莉/文图 应受访者要求，文中均为化名）#安徽寿县多名儿童不明原因发热腹泻#,,"https://wx4.sinaimg.cn/large/63b09f89ly1gi0xjm2zn5j20s40dl4qp.jpg,https://wx2.sinaimg.cn/large/63b09f89ly1gi0xjoeq8gj21hc0onb2a.jpg,https://wx4.sinaimg.cn/large/63b09f89ly1gi0xjr8fqpj20u00hg4qp.jpg",,,2020-08-23,微博 weibo.com,58,18,6,"安徽寿县通报村民不明原因腹泻,安徽寿县多名儿童不明原因发热腹泻",
4541144580752608,Jhgme39MQ,【撒谎、不念书、找人替考...#特朗普83岁姐姐录音遭曝光#】22日，几段特朗普83岁姐姐、美国前联邦上诉法院法官玛丽安·特朗普·巴里的录音被媒体曝光。在这些录音中，玛丽安吐槽特朗普谎话连篇，不念书只看福克斯新闻，更爆料当年特朗普找人替考进大学的事情。这几段录音是由特朗普侄女玛丽秘密录制，并提供给媒体的，有媒体推测录制时间应该在2018年至2019年间。@微丢 微丢的微博视频,,,"http://f.video.weibocdn.com/VJmxTo7Rlx07FRmB1Ctq01041200aNeT0E010.mp4?label=mp4_hd&template=852x480.25.0&trans_finger=62b30a3f061b162e421008955c73f536&ori=0&ps=1BThihd3VLAY5R&Expires=1598453393&ssig=EPE%2Bncy7qw&KID=unistore,video",,2020-08-23,iPhone客户端,9,3,4,特朗普83岁姐姐录音遭曝光,微丢
4541141679079736,JhghxC63m,【转存视频！#施一公说诚实做学问是不容突破的底线#】今天，#西湖大学博士研究生开学典礼#上，校长施一公致辞时说：“新冠疫情绝不是人类面临的唯一危机或最后难题，它只是人类历史长河中又一次新的挑战。我们正在面对百年未有之大变局，要想在变局中开新局，科学与技术的价值和力量日益显现。做诚实的学问是科学研究中一条不容突破的底线。”#新同学你好#中新视频的微博视频 @中新视频,,,"http://f.video.weibocdn.com/w41hNYXnlx07FRoCSwYw01041200dkx60E010.mp4?label=mp4_hd&template=852x480.25.0&trans_finger=62b30a3f061b162e421008955c73f536&ori=0&ps=1BThihd3VLAY5R&Expires=1598453393&ssig=4Rvcua6PWY&KID=unistore,video",,2020-08-23,iPhone客户端,22,2,7,"施一公说诚实做学问是不容突破的底线,西湖大学博士研究生开学典礼,新同学你好",中新视频
4541141556672030,JhghlrZHo,【#又到一年退伍季#：#东风快递员震撼宣誓#】又到一年退伍季，火箭军某部军人在军旗下的铮铮誓言，让所有的“东风快递员”们无论到什么时候，都不会忘记自己为什么出发。致敬中国军人！（张践）@中新视频 中新视频的微博视频  ,,,"http://f.video.weibocdn.com/HaEgdZ87lx07FQgRwFzO01041200wLOC0E010.mp4?label=mp4_720p&template=996x560.25.0&trans_finger=1f0da16358befad33323e3a1b7f95fc9&ori=0&ps=1CwnkDw1GXwCQx&Expires=1598453392&ssig=XSX%2BnQ2shN&KID=unistore,video",,2020-08-23,iPhone客户端,25,1,2,"又到一年退伍季,东风快递员震撼宣誓",中新视频
4541131301331430,Jhg0O5AmG,#中国生物新冠疫苗很可能年底上市#【中国生物：#新冠疫苗很可能年底上市#】23日，中国生物技术股份有限公司副总裁张云涛介绍了该公司新冠灭活疫苗的研发进展。目前，疫苗正在全球多国开展临床试验，他表示，有很大可能性今年年底能够上市。“我们在加速开展三期临床，由于我国疫情控制得非常好，反而没有进行三期临床的条件，所以我们转向国外进行。疫苗的上市时间，依赖于三期临床研究的结果，有很大可能性在今年年底可以上市。”张云涛表示。（新京报）,,https://wx4.sinaimg.cn/large/63b09f89ly1gi0uu5rmt6j20p00goabc.jpg,,,2020-08-23,iPhone客户端,4,1,5,"中国生物新冠疫苗很可能年底上市,新冠疫苗很可能年底上市",
4541113736369657,JhfytqJ2p,【#准研究生虐狗事件狗主人发声# ：狗狗情况好转 他该为自己行为负责】8月22日，福建厦门，准研究生借宿朋友家虐狗事件引关注。狗主人谢女士称狗狗情况好转，正积极接受治疗。回忆事发过程她称：第一次发现狗狗被打后，经老公调解不了了之；第二次虐狗后谢女士曾报警，怕对该男子学业有影响没深究。23日凌晨，谢女士@m慧敏儿m 发文称，“没有任何诉求，坏人已被曝光，不管怎样，都是他该受的。”漩涡视频的微博视频,,,"http://f.video.weibocdn.com/cUIIF8lLlx07FRc6y9wA01041200iHVQ0E010.mp4?label=mp4_hd&template=852x480.25.0&trans_finger=1621fcd5d40969f1c74e6b06e52fcd54&ori=0&ps=1BThihd3VLAY5R&Expires=1598453394&ssig=fmMmlGtyNx&KID=unistore,video",,2020-08-23,深度报道 · 视频社区,5,3,2,准研究生虐狗事件狗主人发声,m慧敏儿m
4541105540703993,Jhflg2X8J,【#陕西四胞胎东北虎宝宝亮相# 爱吃爱玩爱搭讪】近日，在陕西西安秦岭野生动物园，有四只东北虎宝宝与游客见面了。这四只小家伙是四胞胎，它们在展馆里你追我赶，还不时与游客互动，十分可爱。据饲养员介绍，这四只小家伙刚来到这里的时候胆子比较小，适应了一段时间后，现在变得很调皮，爱跟“左邻右舍”搭讪，还喜欢与游客互动。#陕西四胞胎东北虎宝宝与游客见面# 央视网的微博视频,,,"https://locallimit.us.sinaimg.cn/NZJkj7malx07FPsAS7aM0104120090Eq0E010.mp4?label=mp4_hd&template=480x270.25.0&trans_finger=62b30a3f061b162e421008955c73f536&ori=0&ps=1BThihd3VLAY5R&Expires=1598453394&ssig=OiGvF%2B3RCk&KID=unistore,video",,2020-08-23,iPhone客户端,6,1,2,"陕西四胞胎东北虎宝宝亮相,陕西四胞胎东北虎宝宝与游客见面",
4541094664089094,Jhf3Ih9L8,【#夫妻在洱海边洗车#罚款2000元】8月21日，云南大理，有网友举报一对夫妻在洱海边洗车。随后相关部门经核实，夫妻两人是自驾来大理游玩，21日下午在挖色镇康廊村附近游玩途中，开车下到洱海边游玩、洗车。大理市洱海管理局依据相关规定，对当事人下达行政处罚告知书，作出行政处罚两千元，并对夫妻两人进行了批评教育。#官方回应夫妻俩在洱海洗车#沸点视频的微博视频 （沸点）,,,"http://f.video.weibocdn.com/WDd96cuylx07FQkN4n7a010412009fxy0E010.mp4?label=mp4_hd&template=852x480.25.0&trans_finger=62b30a3f061b162e421008955c73f536&ori=0&ps=1BThihd3VLAY5R&Expires=1598453394&ssig=yftDtRmDur&KID=unistore,video",,2020-08-23,iPhone客户端,10,5,3,"夫妻在洱海边洗车,官方回应夫妻俩在洱海洗车",
4541091020546738,JheXQ2iem,【#三岁男孩从泳池中救出溺水好友#，家人事后回看监控一阵后怕】据《每日邮报》8月22日报道，巴西一3岁男孩从泳池中救出溺水的好友。监控显示，3岁男孩伸手去拿游泳圈，不料一头栽进水里，幸运的是，他另外一位3岁的小伙伴四处寻找大人无果后，就努力伸手给朋友，最终将朋友拉了上来。海客新闻的秒拍视频,,,"https://gslb.miaopai.com/stream/jjxW3GGYjUyRNIG0BkVR37rv1SxJ8z9l8Z4Lng__.mp4?yx=&refer=weibo_app&vend=weibo&label=mp4_hd&mpflag=8&ori=0&ps=1BThihd3VLAY5R&Expires=1598453394&ssig=cpUpMHaHi1&KID=unistore,video",,2020-08-23,iPhone客户端,7,1,2,三岁男孩从泳池中救出溺水好友,
4541075949364577,JhezwDi9z,【#日媒要求日本政府公开新冠对策专家会议实录# 却得到被涂黑的速记记录】近日，日本富士电视台要求日本政府公开新冠对策专家会议的实录，得到的38页速记记录中，发言内容几乎全部都被涂黑了，没有被涂黑的只有类似“谢谢”之类的寒暄用语。对于涂黑这些文字的理由，日本内阁官房长官表示，“一旦公布，可能会有损直率的意见交换”。此外，日本经济再生担当相西村康稔虽然表达了政府应该公布实录的意见，但是预计这份实录也只能在转移到国家档案馆之后、10年后才能公布。富士电视台称，“我们可能要等到2030年才能看到这些被涂黑的文字了”。（《环球时报》三缺二视频组）@这视频 这视频的秒拍视频,,,"https://gslb.miaopai.com/stream/9Hg-UTWFAQDVaUIlc0JmO9JKj8gUSGCSc3Outw__.mp4?yx=&refer=weibo_app&vend=weibo&label=mp4_hd&mpflag=8&ori=0&ps=1BThihd3VLAY5R&Expires=1598453394&ssig=WYhwgj%2FLBH&KID=unistore,video",,2020-08-23,iPhone客户端,4,3,4,日媒要求日本政府公开新冠对策专家会议实录,这视频
4541071579415404,JhestDvnm,#美军胡德堡基地一名核生化专家失踪#【美胡德堡基地再现诡谲事件 年轻核生化专家神秘失踪】 8月19日晚，驻扎在胡德堡军事基地的一名美军核生化专家埃尔德·费尔南德斯被报告失踪。今年以来，该基地已接连发生多起士兵离奇失踪死亡案件。@央视网视频小央视频的秒拍视频  ,,,http://gslb.miaopai.com/stream/rs-iGqPSnlkWYeqpMMwv52ZEZ57PSaHwVDiapw__.mp4?yx=&refer=weibo_app&vend=weibo&label=mp4_720p&mpflag=32,,2020-08-23,iPhone客户端,7,5,5,美军胡德堡基地一名核生化专家失踪,
4541033294078585,JhdsJh71D,【#两名医学生跪地救人无效却遭恶评# 逝者家属：必须要说感谢】8月14日晚，一位中年男子在湖南常德火车站内突发疾病倒地，前往成都参加考试的两名女医学生立即进行心肺复苏和人工呼吸，整个过程近20分钟。遗憾的是，倒地男子经抢救无效不幸离世，两名女孩离开时忍不住抽泣起来，不停抹泪。这段救人视频却引起部分网友的恶评。据悉，两人都是成都中医药大的研究生，有临床抢救经验。逝者胡某的家属事发后当面致谢：“虽然人走了，但必须要感恩。”看看新闻KNEWS的秒拍视频,,,"https://gslb.miaopai.com/stream/qsmbeFtVwkBozvLw4iBgv4Vi8T9t0fnkjBpDeA__.mp4?yx=&refer=weibo_app&vend=weibo&label=mp4_hd&mpflag=8&ori=0&ps=1BThihd3VLAY5R&Expires=1598453395&ssig=2EkpRj0wFz&KID=unistore,video",,2020-08-23,Android,534,70,89,两名医学生跪地救人无效却遭恶评,
4541010543378591,JhcS2eaVp,#国是论坛#【#31省区市新增境外输入12例#，#31省区市连续7天本土0新增#】8月22日0—24时，31个省（自治区、直辖市）和新疆生产建设兵团报告新增确诊病例12例，均为境外输入病例（河北5例，天津2例，广东2例，陕西2例，福建1例）；无新增死亡病例；新增疑似病例2例，均为境外输入病例（均在福建）。境外输入现有确诊病例212例（其中重症病例2例），现有疑似病例3例。累计确诊病例2402例，累计治愈出院病例2190例，无死亡病例。#关注新冠肺炎#,,https://wx3.sinaimg.cn/large/63b09f89ly1gi0gyvrh24j20s40tf423.jpg,,,2020-08-23,Android,1,0,1,"国是论坛,31省区市新增境外输入12例,31省区市连续7天本土0新增,关注新冠肺炎",
4541010153833389,JhcRpg5eR,【国家卫健委官员：#下一步考虑适度扩大新冠疫苗紧急使用的范围#】8月22日，央视财经播出的《对话》栏目邀请“中国疫苗天团”介绍新冠疫苗研发背后的故事，在此次节目中，国家卫生健康委科技发展中心主任、国务院联防联控机制科研攻关组疫苗研发专班工作组组长郑忠伟透露，下一步为了防范秋冬季的疫情，也会考虑适度扩大新冠疫苗紧急使用的范围。郑忠伟在节目中介绍，我国《疫苗管理法》明确规定，当出现特别重大公共卫生事件，由国家卫生健康委提出紧急使用疫苗的申请，由国家药监局组织专家论证并同意，由国家卫生健康委在一定范围、一定时限内紧急使用疫苗。从今年4月4日开始提出新冠疫苗的紧急使用条件和程序，之后专家无数次的论证，直到6月24日，国务院批准《新冠病毒疫苗紧急使用(试用)方案》，7月22日正式启动新冠疫苗的紧急使用。郑忠伟透露，下一步为了防范秋冬季的疫情，也会在考虑适度扩大新冠疫苗紧急使用范围，目的是在医务人员、保障城市基本运营人员（如菜市场人员、交通保障人员、服务行业人员）等特殊人群建立免疫屏障，整个城市的运行就会有稳定的保障。（澎湃新闻，TY）,,https://wx4.sinaimg.cn/large/63b09f89ly1gi0gx9idgpj21900u0ad5.jpg,,,2020-08-23,Android,3,1,4,下一步考虑适度扩大新冠疫苗紧急使用的范围,
4541010074408414,JhcRhiuPs,【#女孩搬家后房内爬满蟑螂# 邻居：整层楼都有了】8月22日，郑州，一名女孩搬家后，地板墙壁上满是蟑螂，保洁阿姨忍不住吐槽。视频拍摄者称，这个女孩不经常住，但经常点外卖，保洁阿姨从早上7点打扫到10点半，现在整层楼都有蟑螂了。沸点视频的微博视频 ,,,"http://f.video.weibocdn.com/ZAJFUJbDlx07FPVhkmFa01041200uk490E010.mp4?label=mp4_720p&template=720x1280.24.0&trans_finger=c3f00996be5378650057cf237d7bfffd&ori=0&ps=1CwnkDw1GXwCQx&Expires=1598453394&ssig=xGMkfKd7cu&KID=unistore,video",,2020-08-23,Android,123,47,9,女孩搬家后房内爬满蟑螂,
